run_id,week,signal_tf,entry_time,dir,entry_price,initial_sl,exit_time,exit_price,exit_comment,pnl,balance_after,risk_dollars,r_multiple,hold_minutes,final_sl_price,sl_moved,exit_kind,mode
cmp_breakout_2026-08-10__M15sig,2026-08-10,M15sig,2026-08-10 00:00:00,BUY,4332.84,4325.683,2026-08-10 00:33:39,4335.774,sl 4335.799,2.93,502.93,7.157000000000153,0.4093894089702302,33.65,4335.799,True,sl,breakout
cmp_breakout_2026-08-10__M15sig,2026-08-10,M15sig,2026-08-10 00:45:00,BUY,4334.808,4327.093,2026-08-10 01:00:11,4327.04,sl 4327.093,-7.77,495.16,7.7150000000001455,-1.0071289695398384,15.183333333333334,4327.093,False,sl,breakout
cmp_breakout_2026-08-10__M15sig,2026-08-10,M15sig,2026-08-10 01:30:00,BUY,4316.666,4307.409,2026-08-10 03:00:56,4318.439,sl 4318.443,1.77,496.93,9.257000000000517,0.19120665442366871,90.93333333333334,4318.443,True,sl,breakout
cmp_breakout_2026-08-10__M15sig,2026-08-10,M15sig,2026-08-10 03:15:00,BUY,4320.183,4310.69,2026-08-10 05:34:50,4340.965,,20.79,517.72,9.493000000000393,2.190034762456456,139.83333333333334,,False,other,breakout
cmp_breakout_2026-08-10__M15sig,2026-08-10,M15sig,2026-08-10 05:45:00,BUY,4343.681,4336.334,2026-08-10 08:33:45,4349.615,sl 4349.799,5.94,523.66,7.346999999999753,0.8084932625561726,168.75,4349.799,True,sl,breakout
cmp_breakout_2026-08-10__M15sig,2026-08-10,M15sig,2026-08-10 09:30:00,BUY,4347.294,4340.312,2026-08-10 09:36:21,4340.261,sl 4340.312,-7.03,516.63,6.981999999999971,-1.0068748209682081,6.35,4340.312,False,sl,breakout
cmp_breakout_2026-08-10__M15sig,2026-08-10,M15sig,2026-08-10 10:00:00,BUY,4341.23,4334.53,2026-08-10 11:04:55,4334.391,sl 4334.530,-6.84,509.79,6.699999999999818,-1.0208955223880873,64.91666666666667,4334.53,False,sl,breakout
cmp_breakout_2026-08-10__M15sig,2026-08-10,M15sig,2026-08-10 11:30:00,BUY,4334.777,4329.039,2026-08-10 12:16:05,4330.426,sl 4330.596,-4.35,505.44,5.738000000000284,-0.7581038689438453,46.083333333333336,4330.596,True,sl,breakout
cmp_breakout_2026-08-10__M15sig,2026-08-10,M15sig,2026-08-10 13:30:00,BUY,4335.139,4328.464,2026-08-10 13:46:00,4329.452,sl 4329.523,-5.69,499.75,6.675000000000182,-0.8524344569288158,16.0,4329.523,True,sl,breakout
cmp_breakout_2026-08-10__M15sig,2026-08-10,M15sig,2026-08-10 14:00:00,BUY,4318.337,4310.369,2026-08-10 14:26:04,4343.73,,25.39,525.14,7.968000000000757,3.1864959839354405,26.066666666666666,,False,other,breakout
cmp_breakout_2026-08-10__M15sig,2026-08-10,M15sig,2026-08-10 15:15:00,BUY,4347.129,4337.256,2026-08-10 16:32:01,4349.823,sl 4349.865,2.69,527.83,9.872999999999593,0.27246024511294553,77.01666666666667,4349.865,True,sl,breakout
cmp_breakout_2026-08-10__M15sig,2026-08-10,M15sig,2026-08-10 17:15:00,BUY,4357.104,4347.56,2026-08-10 18:31:25,4377.669,,20.57,548.4,9.543999999999869,2.1552808046940783,76.41666666666667,,False,other,breakout
cmp_breakout_2026-08-10__M15sig,2026-08-10,M15sig,2026-08-10 18:45:00,BUY,4379.8,4372.314,2026-08-10 22:51:37,4399.089,,19.29,567.69,7.485999999999876,2.5768100454181564,246.61666666666667,,False,other,breakout
cmp_breakout_2026-08-10__M15sig,2026-08-10,M15sig,2026-08-10 23:30:00,BUY,4395.575,4390.239,2026-08-11 00:23:44,4411.134,,15.55,582.71,5.33600000000024,2.914167916041848,53.733333333333334,,False,other,breakout
cmp_breakout_2026-08-10__M15sig,2026-08-10,M15sig,2026-08-11 01:15:00,BUY,4414.664,4407.294,2026-08-11 02:09:57,4421.752,sl 4421.793,7.09,589.8,7.369999999999891,0.962008141112633,54.95,4421.793,True,sl,breakout
cmp_breakout_2026-08-10__M15sig,2026-08-10,M15sig,2026-08-11 02:15:00,BUY,4433.964,4424.103,2026-08-11 02:33:23,4424.057,sl 4424.103,-9.9,579.9,9.860999999999876,-1.0039549741405662,18.383333333333333,4424.103,False,sl,breakout
cmp_breakout_2026-08-10__M15sig,2026-08-10,M15sig,2026-08-11 03:15:00,BUY,4413.475,4401.955,2026-08-11 04:55:24,4404.685,sl 4404.723,-8.79,571.11,11.520000000000437,-0.7630208333333044,100.4,4404.723,True,sl,breakout
cmp_breakout_2026-08-10__M15sig,2026-08-10,M15sig,2026-08-11 05:00:00,BUY,4408.968,4399.309,2026-08-11 05:12:12,4399.203,sl 4399.309,-9.77,561.34,9.65899999999965,-1.0114918728647224,12.2,4399.309,False,sl,breakout
cmp_breakout_2026-08-10__M15sig,2026-08-10,M15sig,2026-08-11 05:15:00,BUY,4402.458,4392.646,2026-08-11 05:26:02,4392.598,sl 4392.646,-9.86,551.48,9.811999999999898,-1.00489196901754,11.033333333333333,4392.646,False,sl,breakout
cmp_breakout_2026-08-10__M15sig,2026-08-10,M15sig,2026-08-11 05:30:00,BUY,4392.718,4383.499,2026-08-11 05:30:04,4383.466,sl 4383.499,-9.25,542.23,9.219000000000051,-1.003362620674688,0.06666666666666667,4383.499,False,sl,breakout
cmp_breakout_2026-08-10__M15sig,2026-08-10,M15sig,2026-08-11 05:45:00,BUY,4377.092,4367.338,2026-08-11 05:56:03,4367.301,sl 4367.338,-9.79,532.44,9.753999999999905,-1.0036907935206165,11.05,4367.338,False,sl,breakout
cmp_breakout_2026-08-10__M15sig,2026-08-10,M15sig,2026-08-11 06:00:00,BUY,4375.442,4365.563,2026-08-11 06:28:29,4367.107,sl 4367.143,-8.33,524.11,9.878999999999905,-0.843202753315121,28.483333333333334,4367.143,True,sl,breakout
cmp_breakout_2026-08-10__M15sig,2026-08-10,M15sig,2026-08-11 06:30:00,BUY,4363.764,4354.008,2026-08-11 11:01:06,4383.682,,19.92,544.03,9.756000000000313,2.0418204182041166,271.1,,False,other,breakout
cmp_breakout_2026-08-10__M15sig,2026-08-10,M15sig,2026-08-11 11:15:00,BUY,4391.407,4384.465,2026-08-11 11:38:20,4384.246,sl 4384.465,-7.16,536.87,6.942000000000007,-1.031403053874963,23.333333333333332,4384.465,False,sl,breakout
cmp_breakout_2026-08-10__M15sig,2026-08-10,M15sig,2026-08-11 12:00:00,BUY,4387.815,4381.446,2026-08-11 12:23:56,4388.815,sl 4389.123,1.0,537.87,6.368999999999687,0.15701051970482793,23.933333333333334,4389.123,True,sl,breakout
cmp_breakout_2026-08-10__M15sig,2026-08-10,M15sig,2026-08-11 12:45:00,BUY,4398.612,4391.146,2026-08-11 13:15:14,4391.092,sl 4391.146,-7.52,530.35,7.466000000000349,-1.0072327886417958,30.233333333333334,4391.146,False,sl,breakout
cmp_breakout_2026-08-10__M15sig,2026-08-10,M15sig,2026-08-11 13:30:00,BUY,4398.043,4389.577,2026-08-11 13:35:37,4389.531,sl 4389.577,-8.51,521.84,8.46599999999944,-1.0051972596268088,5.616666666666666,4389.577,False,sl,breakout
cmp_breakout_2026-08-10__M15sig,2026-08-10,M15sig,2026-08-11 15:15:00,BUY,4392.315,4381.746,2026-08-11 15:34:26,4381.67,sl 4381.746,-10.65,511.19,10.568999999999505,-1.0076639227931212,19.433333333333334,4381.746,False,sl,breakout
cmp_breakout_2026-08-10__M15sig,2026-08-10,M15sig,2026-08-11 15:45:00,BUY,4375.957,4364.715,2026-08-11 17:57:05,4370.444,sl 4370.468,-5.52,505.67,11.24200000000019,-0.4910158334815786,132.08333333333334,4370.468,True,sl,breakout
cmp_breakout_2026-08-10__M15sig,2026-08-10,M15sig,2026-08-11 18:15:00,BUY,4363.763,4355.721,2026-08-11 22:56:59,4369.433,sl 4369.446,5.67,511.34,8.042000000000371,0.7050484953991218,281.98333333333335,4369.446,True,sl,breakout
cmp_breakout_2026-08-10__M15sig,2026-08-10,M15sig,2026-08-11 23:15:00,BUY,4366.841,4361.063,2026-08-12 01:05:52,4385.706,,18.87,529.68,5.778000000000247,3.2658359293871917,110.86666666666666,,False,other,breakout
cmp_breakout_2026-08-10__M15sig,2026-08-10,M15sig,2026-08-12 01:30:00,BUY,4390.678,4383.345,2026-08-12 02:53:27,4414.344,,23.66,553.34,7.332999999999629,3.226510295922705,83.45,,False,other,breakout
cmp_breakout_2026-08-10__M15sig,2026-08-10,M15sig,2026-08-12 03:00:00,BUY,4411.448,4403.569,2026-08-12 03:37:33,4403.973,sl 4404.085,-7.48,545.86,7.878999999999905,-0.9493590557177422,37.55,4404.085,True,sl,breakout
cmp_breakout_2026-08-10__M15sig,2026-08-10,M15sig,2026-08-12 03:45:00,BUY,4401.787,4394.037,2026-08-12 05:22:33,4394.496,sl 4394.677,-7.29,538.57,7.75,-0.9406451612903226,97.55,4394.677,True,sl,breakout
cmp_breakout_2026-08-10__M15sig,2026-08-10,M15sig,2026-08-12 06:00:00,BUY,4391.292,4384.361,2026-08-12 09:10:30,4411.268,,19.98,558.55,6.931000000000495,2.8827009089595403,190.5,,False,other,breakout
cmp_breakout_2026-08-10__M15sig,2026-08-10,M15sig,2026-08-12 09:30:00,BUY,4413.464,4406.51,2026-08-12 10:48:59,4410.582,sl 4411.028,-2.88,555.67,6.9539999999997235,-0.4141501294219319,78.98333333333333,4411.028,True,sl,breakout
cmp_breakout_2026-08-10__M15sig,2026-08-10,M15sig,2026-08-12 11:30:01,BUY,4415.193,4408.604,2026-08-12 12:04:04,4408.422,sl 4408.604,-6.77,548.9,6.588999999999942,-1.0274700258005858,34.05,4408.604,False,sl,breakout
cmp_breakout_2026-08-10__M15sig,2026-08-10,M15sig,2026-08-12 12:15:00,BUY,4409.009,4402.102,2026-08-12 12:30:05,4419.621,sl 4420.062,10.61,559.51,6.907000000000153,1.53612277399736,15.083333333333334,4420.062,True,sl,breakout
cmp_breakout_2026-08-10__M15sig,2026-08-10,M15sig,2026-08-12 12:45:00,BUY,4428.602,4417.196,2026-08-12 12:47:28,4416.567,sl 4417.196,-12.03,547.48,11.405999999999949,-1.054708048395586,2.466666666666667,4417.196,False,sl,breakout
cmp_breakout_2026-08-10__M15sig,2026-08-10,M15sig,2026-08-12 13:00:00,BUY,4437.437,4425.331,2026-08-12 13:12:54,4425.189,sl 4425.331,-12.25,535.23,12.105999999999767,-1.0118949281348286,12.9,4425.331,False,sl,breakout
cmp_breakout_2026-08-10__M15sig,2026-08-10,M15sig,2026-08-12 13:15:00,BUY,4422.323,4409.111,2026-08-12 13:40:06,4408.958,sl 4409.111,-13.36,521.87,13.212000000000444,-1.0112019376324213,25.1,4409.111,False,sl,breakout
cmp_breakout_2026-08-10__M15sig,2026-08-10,M15sig,2026-08-12 14:15:00,BUY,4431.969,4416.029,2026-08-12 15:04:16,4415.879,sl 4416.029,-16.09,505.78,15.9399999999996,-1.0094102885822085,49.266666666666666,4416.029,False,sl,breakout
cmp_breakout_2026-08-10__M15sig,2026-08-10,M15sig,2026-08-12 16:30:00,BUY,4423.195,4410.066,2026-08-12 16:44:11,4410.016,sl 4410.066,-13.18,492.6,13.128999999999905,-1.0038845304288289,14.183333333333334,4410.066,False,sl,breakout
cmp_breakout_2026-08-10__M15sig,2026-08-10,M15sig,2026-08-12 17:00:00,BUY,4401.664,4388.922,2026-08-12 22:05:03,4404.605,sl 4404.628,2.95,495.55,12.74200000000019,0.23151781509966696,305.05,4404.628,True,sl,breakout
cmp_breakout_2026-08-10__M15sig,2026-08-10,M15sig,2026-08-12 22:45:00,BUY,4400.286,4395.455,2026-08-12 23:59:33,4412.985,,12.7,508.25,4.831000000000131,2.628855309459668,74.55,,False,other,breakout
cmp_breakout_2026-08-10__M15sig,2026-08-10,M15sig,2026-08-13 00:30:00,BUY,4428.613,4422.902,2026-08-13 00:34:12,4445.751,,17.14,525.39,5.71100000000024,3.0012257047801225,4.2,,False,other,breakout
cmp_breakout_2026-08-10__M15sig,2026-08-10,M15sig,2026-08-13 00:45:00,BUY,4440.275,4433.155,2026-08-13 00:49:46,4433.113,sl 4433.155,-7.17,518.22,7.119999999999891,-1.0070224719101277,4.766666666666667,4433.155,False,sl,breakout
cmp_breakout_2026-08-10__M15sig,2026-08-10,M15sig,2026-08-13 01:15:00,BUY,4430.339,4421.552,2026-08-13 01:21:03,4422.061,sl 4422.061,-8.28,509.94,8.787000000000262,-0.9423011266643624,6.05,4422.061,True,sl,breakout
cmp_breakout_2026-08-10__M15sig,2026-08-10,M15sig,2026-08-13 01:30:00,BUY,4419.429,4409.639,2026-08-13 01:46:15,4415.249,sl 4415.302,-4.18,505.76,9.789999999999964,-0.426966292134833,16.25,4415.302,True,sl,breakout
cmp_breakout_2026-08-10__M15sig,2026-08-10,M15sig,2026-08-13 02:00:00,BUY,4408.699,4397.954,2026-08-13 04:00:28,4397.851,sl 4397.954,-10.85,494.91,10.74499999999989,-1.0097719869706943,120.46666666666667,4397.954,False,sl,breakout
cmp_breakout_2026-08-10__M15sig,2026-08-10,M15sig,2026-08-13 04:30:00,BUY,4398.221,4388.955,2026-08-13 05:32:12,4395.919,sl 4395.920,-2.3,492.61,9.265999999999622,-0.24821929635226567,62.2,4395.92,True,sl,breakout
cmp_breakout_2026-08-10__M15sig,2026-08-10,M15sig,2026-08-13 05:45:00,BUY,4387.934,4379.83,2026-08-13 06:04:10,4379.792,sl 4379.830,-8.14,484.47,8.10400000000027,-1.0044422507403419,19.166666666666668,4379.83,False,sl,breakout
cmp_breakout_2026-08-10__M15sig,2026-08-10,M15sig,2026-08-13 06:15:00,BUY,4376.102,4367.903,2026-08-13 08:00:19,4368.887,sl 4368.989,-7.21,477.26,8.198999999999614,-0.8793755336017001,105.31666666666666,4368.989,True,sl,breakout
cmp_breakout_2026-08-10__M15sig,2026-08-10,M15sig,2026-08-13 08:15:00,BUY,4366.186,4357.685,2026-08-13 10:18:40,4384.828,,18.64,495.9,8.500999999999294,2.192683213739742,123.66666666666667,,False,other,breakout
cmp_breakout_2026-08-10__M15sig,2026-08-10,M15sig,2026-08-13 11:00:00,BUY,4392.369,4386.276,2026-08-13 11:33:33,4387.377,sl 4387.442,-4.99,490.91,6.092999999999847,-0.8189725914984614,33.55,4387.442,True,sl,breakout
cmp_breakout_2026-08-10__M15sig,2026-08-10,M15sig,2026-08-13 11:45:00,BUY,4384.063,4378.168,2026-08-13 12:30:25,4392.191,sl 4392.242,8.13,499.04,5.895000000000437,1.3791348600507887,45.416666666666664,4392.242,True,sl,breakout
cmp_breakout_2026-08-10__M15sig,2026-08-10,M15sig,2026-08-13 12:45:00,BUY,4392.115,4385.017,2026-08-13 13:12:26,4391.278,sl 4391.308,-0.84,498.2,7.097999999999956,-0.11834319526627292,27.433333333333334,4391.308,True,sl,breakout
cmp_breakout_2026-08-10__M15sig,2026-08-10,M15sig,2026-08-13 13:15:00,BUY,4394.002,4385.998,2026-08-13 13:25:46,4385.959,sl 4385.998,-8.04,490.16,8.004000000000815,-1.0044977511243354,10.766666666666667,4385.998,False,sl,breakout
cmp_breakout_2026-08-10__M15sig,2026-08-10,M15sig,2026-08-13 13:30:00,BUY,4385.475,4377.125,2026-08-13 13:34:19,4377.11,sl 4377.125,-8.37,481.79,8.350000000000364,-1.0023952095807946,4.316666666666666,4377.125,False,sl,breakout
cmp_breakout_2026-08-10__M15sig,2026-08-10,M15sig,2026-08-13 14:30:00,BUY,4367.96,4357.57,2026-08-13 14:30:15,4357.454,sl 4357.570,-10.51,471.28,10.390000000000327,-1.0115495668912098,0.25,4357.57,False,sl,breakout
cmp_breakout_2026-08-10__M15sig,2026-08-10,M15sig,2026-08-13 15:30:00,BUY,4365.593,4352.862,2026-08-13 16:17:52,4352.789,sl 4352.862,-12.8,458.48,12.730999999999767,-1.0054198413321997,47.86666666666667,4352.862,False,sl,breakout
cmp_breakout_2026-08-10__M15sig,2026-08-10,M15sig,2026-08-13 17:00:00,BUY,4367.326,4355.503,2026-08-13 18:25:52,4355.265,sl 4355.503,-12.06,446.42,11.82300000000032,-1.020045673686854,85.86666666666666,4355.503,False,sl,breakout
cmp_breakout_2026-08-10__M15sig,2026-08-10,M15sig,2026-08-13 18:30:00,BUY,4357.874,4348.445,2026-08-13 19:13:57,4348.373,sl 4348.445,-9.5,436.92,9.429000000000087,-1.0075299607593502,43.95,4348.445,False,sl,breakout
cmp_breakout_2026-08-10__M15sig,2026-08-10,M15sig,2026-08-13 19:15:00,BUY,4347.096,4339.222,2026-08-13 22:51:53,4354.41,sl 4354.447,7.31,444.23,7.873999999999796,0.9283718567437375,216.88333333333333,4354.447,True,sl,breakout
cmp_breakout_2026-08-10__M15sig,2026-08-10,M15sig,2026-08-13 23:15:00,BUY,4360.601,4354.543,2026-08-14 00:00:23,4355.504,sl 4355.597,-5.1,438.6,6.057999999999993,-0.8418620006602848,45.38333333333333,4355.597,True,sl,breakout
cmp_breakout_2026-08-10__M15sig,2026-08-10,M15sig,2026-08-14 00:30:00,BUY,4339.608,4332.783,2026-08-14 00:38:49,4336.3,sl 4336.351,-3.31,435.29,6.824999999999818,-0.4849816849816979,8.816666666666666,4336.351,True,sl,breakout
cmp_breakout_2026-08-10__M15sig,2026-08-10,M15sig,2026-08-14 01:00:00,BUY,4340.994,4332.8,2026-08-14 01:02:05,4332.794,sl 4332.800,-8.2,427.09,8.193999999999505,-1.0007322431047712,2.0833333333333335,4332.8,False,sl,breakout
cmp_breakout_2026-08-10__M15sig,2026-08-10,M15sig,2026-08-14 02:00:00,BUY,4318.236,4307.714,2026-08-14 05:30:01,4316.497,sl 4316.555,-1.74,425.35,10.521999999999935,-0.16536780079832833,210.01666666666668,4316.555,True,sl,breakout
cmp_breakout_2026-08-10__M15sig,2026-08-10,M15sig,2026-08-14 05:45:00,BUY,4317.898,4311.535,2026-08-14 07:00:00,4335.702,,17.8,443.15,6.363000000000284,2.797422599402673,75.0,,False,other,breakout
cmp_breakout_2026-08-10__M15sig,2026-08-10,M15sig,2026-08-14 08:45:00,BUY,4343.762,4336.594,2026-08-14 10:31:15,4349.94,sl 4350.003,6.18,449.33,7.167999999999665,0.8621651785714688,106.25,4350.003,True,sl,breakout
cmp_breakout_2026-08-10__M15sig,2026-08-10,M15sig,2026-08-14 10:45:00,BUY,4352.03,4346.272,2026-08-14 11:53:18,4368.24,,16.21,465.54,5.757999999999811,2.8152136158389256,68.3,,False,other,breakout
cmp_breakout_2026-08-10__M15sig,2026-08-10,M15sig,2026-08-14 12:00:00,BUY,4369.371,4363.792,2026-08-14 12:13:31,4367.768,sl 4368.401,-1.6,463.94,5.5789999999997235,-0.28678974726654943,13.516666666666667,4368.401,True,sl,breakout
cmp_breakout_2026-08-10__M15sig,2026-08-10,M15sig,2026-08-14 12:30:00,BUY,4380.249,4373.945,2026-08-14 12:38:41,4377.236,sl 4377.308,-3.01,460.93,6.304000000000087,-0.47747461928933344,8.683333333333334,4377.308,True,sl,breakout
cmp_breakout_2026-08-10__M15sig,2026-08-10,M15sig,2026-08-14 13:30:00,BUY,4384.681,4376.659,2026-08-14 13:51:20,4384.914,sl 4384.974,0.23,461.16,8.021999999999935,0.02867115432560482,21.333333333333332,4384.974,True,sl,breakout
cmp_breakout_2026-08-10__M15sig,2026-08-10,M15sig,2026-08-14 14:00:00,BUY,4384.895,4375.761,2026-08-14 14:46:42,4380.112,sl 4380.151,-4.79,456.37,9.134000000000015,-0.524414276330194,46.7,4380.151,True,sl,breakout
cmp_breakout_2026-08-10__M15sig,2026-08-10,M15sig,2026-08-14 15:00:00,BUY,4381.611,4371.37,2026-08-14 16:33:13,4381.113,sl 4381.131,-0.5,455.87,10.240999999999985,-0.048823357094033855,93.21666666666667,4381.131,True,sl,breakout
cmp_breakout_2026-08-10__M15sig,2026-08-10,M15sig,2026-08-14 17:00:00,BUY,4386.005,4376.979,2026-08-14 17:43:54,4376.966,sl 4376.979,-9.04,446.83,9.02599999999984,-1.0015510746731842,43.9,4376.979,False,sl,breakout
cmp_breakout_2026-08-10__M15sig,2026-08-10,M15sig,2026-08-14 17:45:00,BUY,4377.823,4369.963,2026-08-14 18:45:40,4372.311,sl 4372.324,-5.51,441.32,7.860000000000582,-0.7010178117047826,60.666666666666664,4372.324,True,sl,breakout
cmp_breakout_2026-08-10__M15sig,2026-08-10,M15sig,2026-08-14 19:00:00,BUY,4373.749,4367.973,2026-08-14 20:09:57,4371.725,sl 4371.754,-2.02,439.3,5.77599999999984,-0.3497229916897604,69.95,4371.754,True,sl,breakout
cmp_breakout_2026-08-10__M15sig,2026-08-10,M15sig,2026-08-14 20:30:00,BUY,4374.78,4369.928,2026-08-14 20:57:59,4375.883,end of test,1.1,440.4,4.851999999999862,0.2267106347897839,27.983333333333334,,False,end,breakout
cmp_swing_2026-08-10__M15sig,2026-08-10,M15sig,2026-08-10 00:00:00,BUY,4332.713,4329.347,2026-08-10 00:33:39,4335.774,sl 4335.799,3.06,503.06,3.3659999999999854,0.9090909090909131,33.65,4335.799,True,sl,swing
cmp_swing_2026-08-10__M15sig,2026-08-10,M15sig,2026-08-10 13:58:58,BUY,4317.372,4314.858,2026-08-10 16:32:01,4349.464,sl 4349.740,32.09,535.15,2.5140000000001237,12.764518695305657,153.05,4349.74,True,sl,swing
cmp_swing_2026-08-10__M15sig,2026-08-10,M15sig,2026-08-11 04:49:55,BUY,4407.78,4404.177,2026-08-11 04:56:10,4403.985,sl 4404.177,-3.79,531.36,3.6030000000000655,-1.0519011934498836,6.25,4404.177,False,sl,swing
cmp_swing_2026-08-10__M15sig,2026-08-10,M15sig,2026-08-11 05:00:21,BUY,4407.833,4403.81,2026-08-11 05:05:21,4403.794,sl 4403.810,-4.04,527.32,4.022999999999229,-1.0042257022124719,5.0,4403.81,False,sl,swing
cmp_swing_2026-08-10__M15sig,2026-08-10,M15sig,2026-08-11 16:04:58,BUY,4381.071,4377.553,2026-08-11 17:32:34,4377.341,sl 4377.553,-3.73,523.59,3.518000000000029,-1.0602615122228451,87.6,4377.553,False,sl,swing
cmp_swing_2026-08-10__M15sig,2026-08-10,M15sig,2026-08-12 12:10:56,BUY,4406.856,4403.779,2026-08-12 12:30:00,4427.095,sl 4427.335,20.24,543.83,3.076999999999316,6.577835554112609,19.066666666666666,4427.335,True,sl,swing
cmp_swing_2026-08-10__M15sig,2026-08-10,M15sig,2026-08-13 04:00:28,BUY,4398.111,4394.376,2026-08-13 04:10:34,4394.354,sl 4394.376,-3.76,540.07,3.7349999999996726,-1.0066934404284684,10.1,4394.376,False,sl,swing
cmp_swing_2026-08-10__M15sig,2026-08-10,M15sig,2026-08-13 05:01:05,BUY,4396.011,4392.251,2026-08-13 05:32:12,4395.525,sl 4395.842,-0.48,539.59,3.7600000000002183,-0.12765957446807769,31.116666666666667,4395.842,True,sl,swing
cmp_swing_2026-08-10__M15sig,2026-08-10,M15sig,2026-08-14 05:51:14,SELL,4328.12,4331.67,2026-08-14 05:55:56,4331.71,sl 4331.670,-3.59,536.0,3.550000000000182,-1.011267605633751,4.7,4331.67,False,sl,swing
cmp_swing_2026-08-10__M15sig,2026-08-10,M15sig,2026-08-14 17:42:37,BUY,4378.639,4375.094,2026-08-14 18:45:26,4374.101,sl 4375.094,-4.54,531.46,3.5450000000000728,-1.2806770098730345,62.81666666666667,4375.094,False,sl,swing
cmp_breakout_2026-08-17__M15sig,2026-08-17,M15sig,2026-08-17 02:00:00,BUY,4395.954,4386.537,2026-08-17 05:14:45,4387.018,sl 4387.047,-8.93,491.07,9.416999999999462,-0.9482850164596486,194.75,4387.047,True,sl,breakout
cmp_breakout_2026-08-17__M15sig,2026-08-17,M15sig,2026-08-17 05:15:00,BUY,4387.934,4380.958,2026-08-17 07:37:45,4410.946,,23.02,514.09,6.9760000000005675,3.299885321100649,142.75,,False,other,breakout
cmp_breakout_2026-08-17__M15sig,2026-08-17,M15sig,2026-08-17 09:15:00,BUY,4399.208,4392.648,2026-08-17 09:46:10,4392.532,sl 4392.648,-6.68,507.41,6.559999999999491,-1.0182926829269083,31.166666666666668,4392.648,False,sl,breakout
cmp_breakout_2026-08-17__M15sig,2026-08-17,M15sig,2026-08-17 10:15:00,BUY,4396.086,4390.089,2026-08-17 10:36:52,4396.163,sl 4396.396,0.07,507.48,5.997000000000298,0.01167250291812515,21.866666666666667,4396.396,True,sl,breakout
cmp_breakout_2026-08-17__M15sig,2026-08-17,M15sig,2026-08-17 10:45:00,BUY,4398.302,4391.733,2026-08-17 12:01:06,4395.143,sl 4395.296,-3.16,504.32,6.568999999999505,-0.4810473435835345,76.1,4395.296,True,sl,breakout
cmp_breakout_2026-08-17__M15sig,2026-08-17,M15sig,2026-08-17 12:30:00,BUY,4386.074,4379.012,2026-08-17 12:42:13,4379.722,sl 4379.727,-6.35,497.97,7.061999999999898,-0.8991787029170336,12.216666666666667,4379.727,True,sl,breakout
cmp_breakout_2026-08-17__M15sig,2026-08-17,M15sig,2026-08-17 13:15:00,BUY,4386.546,4378.529,2026-08-17 13:57:08,4412.227,,25.68,523.65,8.016999999999825,3.2031932144194286,42.13333333333333,,False,other,breakout
cmp_breakout_2026-08-17__M15sig,2026-08-17,M15sig,2026-08-17 14:15:00,BUY,4412.525,4402.817,2026-08-17 17:39:23,4412.768,sl 4412.775,0.24,523.89,9.707999999999629,0.024721878862794516,204.38333333333333,4412.775,True,sl,breakout
cmp_breakout_2026-08-17__M15sig,2026-08-17,M15sig,2026-08-17 17:45:00,BUY,4417.529,4410.096,2026-08-17 18:24:29,4410.026,sl 4410.096,-7.5,516.39,7.433000000000902,-1.0090138571235154,39.483333333333334,4410.096,False,sl,breakout
cmp_breakout_2026-08-17__M15sig,2026-08-17,M15sig,2026-08-17 19:00:00,BUY,4406.606,4399.567,2026-08-17 23:00:17,4409.939,sl 4410.250,3.33,519.72,7.03899999999976,0.4730785622957968,240.28333333333333,4410.25,True,sl,breakout
cmp_breakout_2026-08-17__M15sig,2026-08-17,M15sig,2026-08-17 23:30:00,BUY,4420.381,4415.243,2026-08-18 00:00:26,4423.311,sl 4423.331,2.93,522.12,5.13799999999992,0.5702608018684402,30.433333333333334,4423.331,True,sl,breakout
cmp_breakout_2026-08-17__M15sig,2026-08-17,M15sig,2026-08-18 00:15:00,BUY,4421.82,4417.064,2026-08-18 01:16:39,4427.917,sl 4428.002,6.1,528.22,4.755999999999403,1.2825904121111784,61.65,4428.002,True,sl,breakout
cmp_breakout_2026-08-17__M15sig,2026-08-17,M15sig,2026-08-18 01:30:00,BUY,4425.251,4418.705,2026-08-18 01:41:50,4418.655,sl 4418.705,-6.59,521.63,6.5460000000002765,-1.0067216620836728,11.833333333333334,4418.705,False,sl,breakout
cmp_breakout_2026-08-17__M15sig,2026-08-17,M15sig,2026-08-18 01:45:00,BUY,4412.136,4404.827,2026-08-18 01:47:33,4404.821,sl 4404.827,-7.32,514.31,7.3090000000001965,-1.0015049938431801,2.55,4404.827,False,sl,breakout
cmp_breakout_2026-08-17__M15sig,2026-08-17,M15sig,2026-08-18 02:00:00,BUY,4408.182,4400.678,2026-08-18 02:06:44,4400.666,sl 4400.678,-7.51,506.8,7.503999999999905,-1.0007995735607802,6.733333333333333,4400.678,False,sl,breakout
cmp_breakout_2026-08-17__M15sig,2026-08-17,M15sig,2026-08-18 03:00:00,BUY,4399.895,4391.859,2026-08-18 03:51:56,4391.839,sl 4391.859,-8.06,498.74,8.036000000000058,-1.0029865604778425,51.93333333333333,4391.859,False,sl,breakout
cmp_breakout_2026-08-17__M15sig,2026-08-17,M15sig,2026-08-18 04:00:00,BUY,4392.167,4384.76,2026-08-18 05:30:56,4387.527,sl 4387.649,-4.64,494.1,7.407000000000153,-0.6264344538949512,90.93333333333334,4387.649,True,sl,breakout
cmp_breakout_2026-08-17__M15sig,2026-08-17,M15sig,2026-08-18 06:00:00,BUY,4394.423,4389.252,2026-08-18 06:04:21,4389.231,sl 4389.252,-5.19,488.91,5.170999999999367,-1.0036743376524146,4.35,4389.252,False,sl,breakout
cmp_breakout_2026-08-17__M15sig,2026-08-17,M15sig,2026-08-18 06:15:00,BUY,4395.292,4390.182,2026-08-18 07:57:18,4395.956,sl 4396.044,0.67,489.58,5.110000000000582,0.13111545988256823,102.3,4396.044,True,sl,breakout
cmp_breakout_2026-08-17__M15sig,2026-08-17,M15sig,2026-08-18 08:00:00,BUY,4395.826,4390.326,2026-08-18 08:07:50,4390.243,sl 4390.326,-5.59,483.99,5.5,-1.0163636363636364,7.833333333333333,4390.326,False,sl,breakout
cmp_breakout_2026-08-17__M15sig,2026-08-17,M15sig,2026-08-18 08:15:00,BUY,4392.935,4387.248,2026-08-18 08:23:30,4387.152,sl 4387.248,-5.79,478.2,5.687000000000808,-1.0181114823279722,8.5,4387.248,False,sl,breakout
cmp_breakout_2026-08-17__M15sig,2026-08-17,M15sig,2026-08-18 08:30:00,BUY,4389.493,4383.555,2026-08-18 09:22:36,4389.397,sl 4389.401,-0.09,478.11,5.938000000000102,-0.015156618390030052,52.6,4389.401,True,sl,breakout
cmp_breakout_2026-08-17__M15sig,2026-08-17,M15sig,2026-08-18 09:30:00,BUY,4389.457,4383.435,2026-08-18 11:34:51,4389.224,sl 4389.234,-0.24,477.87,6.0219999999999345,-0.039853869146463404,124.85,4389.234,True,sl,breakout
cmp_breakout_2026-08-17__M15sig,2026-08-17,M15sig,2026-08-18 13:00:00,BUY,4394.276,4387.749,2026-08-18 13:30:17,4387.747,sl 4387.749,-6.53,471.34,6.527000000000044,-1.0004596292324126,30.283333333333335,4387.749,False,sl,breakout
cmp_breakout_2026-08-17__M15sig,2026-08-17,M15sig,2026-08-18 15:15:00,BUY,4360.221,4346.564,2026-08-18 19:44:57,4350.526,sl 4350.536,-9.69,461.65,13.656999999999243,-0.7095262502746238,269.95,4350.536,True,sl,breakout
cmp_breakout_2026-08-17__M15sig,2026-08-17,M15sig,2026-08-18 20:15:00,BUY,4342.32,4336.015,2026-08-18 20:21:23,4336.015,sl 4336.015,-6.3,455.35,6.3049999999993815,-0.9992069785885199,6.383333333333334,4336.015,False,sl,breakout
cmp_breakout_2026-08-17__M15sig,2026-08-17,M15sig,2026-08-18 20:30:00,SELL,4338.095,4344.639,2026-08-18 22:04:32,4340.613,sl 4339.773,-2.51,452.84,6.543999999999869,-0.38355745721272155,94.53333333333333,4339.773,True,sl,breakout
cmp_breakout_2026-08-17__M15sig,2026-08-17,M15sig,2026-08-18 22:15:00,BUY,4340.292,4333.285,2026-08-18 22:39:44,4333.219,sl 4333.285,-7.07,445.77,7.007000000000517,-1.0089910089909346,24.733333333333334,4333.285,False,sl,breakout
cmp_breakout_2026-08-17__M15sig,2026-08-17,M15sig,2026-08-18 23:00:00,SELL,4333.996,4340.929,2026-08-19 00:02:05,4338.309,sl 4338.124,-4.31,441.46,6.932999999999993,-0.6216645031011112,62.083333333333336,4338.124,True,sl,breakout
cmp_breakout_2026-08-17__M15sig,2026-08-17,M15sig,2026-08-19 00:15:00,BUY,4343.19,4335.79,2026-08-19 01:00:01,4336.698,sl 4336.814,-6.49,434.97,7.399999999999636,-0.8770270270270701,45.016666666666666,4336.814,True,sl,breakout
cmp_breakout_2026-08-17__M15sig,2026-08-17,M15sig,2026-08-19 02:30:00,BUY,4359.94,4350.717,2026-08-19 04:17:47,4350.622,sl 4350.717,-9.32,425.65,9.222999999999956,-1.0105171852976302,107.78333333333333,4350.717,False,sl,breakout
cmp_breakout_2026-08-17__M15sig,2026-08-17,M15sig,2026-08-19 05:15:00,SELL,4338.996,4345.048,2026-08-19 05:29:28,4345.081,sl 4345.048,-6.08,419.57,6.05199999999968,-1.0046265697290684,14.466666666666667,4345.048,False,sl,breakout
cmp_breakout_2026-08-17__M15sig,2026-08-17,M15sig,2026-08-19 06:00:00,SELL,4335.657,4341.955,2026-08-19 06:16:53,4341.955,sl 4341.955,-6.3,413.27,6.2979999999997744,-1.0003175611305535,16.883333333333333,4341.955,False,sl,breakout
cmp_breakout_2026-08-17__M15sig,2026-08-17,M15sig,2026-08-19 07:15:00,BUY,4350.749,4343.438,2026-08-19 08:02:18,4351.372,sl 4351.420,0.62,413.89,7.310999999999694,0.08480372042128655,47.3,4351.42,True,sl,breakout
cmp_breakout_2026-08-17__M15sig,2026-08-17,M15sig,2026-08-19 08:15:00,BUY,4361.715,4353.286,2026-08-19 09:19:08,4353.279,sl 4353.286,-8.44,405.45,8.429000000000087,-1.001305018388885,64.13333333333334,4353.286,False,sl,breakout
cmp_breakout_2026-08-17__M15sig,2026-08-17,M15sig,2026-08-19 09:30:00,BUY,4356.834,4349.263,2026-08-19 11:15:10,4373.854,,17.02,422.47,7.570999999999913,2.248051776515678,105.16666666666667,,False,other,breakout
cmp_breakout_2026-08-17__M15sig,2026-08-17,M15sig,2026-08-19 11:45:00,BUY,4363.832,4358.285,2026-08-19 12:34:05,4380.632,,16.8,439.27,5.54700000000048,3.028664142779619,49.083333333333336,,False,other,breakout
cmp_breakout_2026-08-17__M15sig,2026-08-17,M15sig,2026-08-19 12:45:00,BUY,4417.724,4408.746,2026-08-19 13:03:33,4428.907,sl 4428.930,11.19,450.46,8.978000000000065,1.2463800400980083,18.55,4428.93,True,sl,breakout
cmp_breakout_2026-08-17__M15sig,2026-08-17,M15sig,2026-08-19 13:15:00,BUY,4456.353,4443.215,2026-08-19 13:36:17,4446.056,sl 4446.056,-10.29,440.17,13.13799999999992,-0.7832242350433903,21.283333333333335,4446.056,True,sl,breakout
cmp_breakout_2026-08-17__M15sig,2026-08-17,M15sig,2026-08-19 13:45:00,BUY,4461.009,4446.095,2026-08-19 13:51:05,4445.959,sl 4446.095,-15.05,425.12,14.91399999999976,-1.0091189486388792,6.083333333333333,4446.095,False,sl,breakout
cmp_breakout_2026-08-17__M15sig,2026-08-17,M15sig,2026-08-19 14:00:00,BUY,4459.712,4443.908,2026-08-19 16:52:54,4497.611,,37.9,463.02,15.804000000000087,2.398127056441394,172.9,,False,other,breakout
cmp_breakout_2026-08-17__M15sig,2026-08-17,M15sig,2026-08-19 17:00:00,BUY,4493.391,4481.166,2026-08-19 18:17:16,4483.443,sl 4483.535,-9.95,453.07,12.224999999999454,-0.813905930470384,77.26666666666667,4483.535,True,sl,breakout
cmp_breakout_2026-08-17__M15sig,2026-08-17,M15sig,2026-08-19 19:15:00,BUY,4503.516,4494.374,2026-08-19 23:53:34,4512.902,sl 4513.035,9.38,462.45,9.141999999999825,1.026033690658519,278.56666666666666,4513.035,True,sl,breakout
cmp_breakout_2026-08-17__M15sig,2026-08-17,M15sig,2026-08-20 00:30:00,BUY,4510.582,4503.493,2026-08-20 01:01:13,4503.471,sl 4503.493,-7.11,455.34,7.088999999999942,-1.0029623360135504,31.216666666666665,4503.493,False,sl,breakout
cmp_breakout_2026-08-17__M15sig,2026-08-17,M15sig,2026-08-20 01:15:00,BUY,4493.61,4486.102,2026-08-20 01:49:31,4491.626,sl 4491.682,-1.98,453.36,7.507999999999811,-0.26371870005328313,34.516666666666666,4491.682,True,sl,breakout
cmp_breakout_2026-08-17__M15sig,2026-08-17,M15sig,2026-08-20 02:15:00,BUY,4497.948,4489.048,2026-08-20 02:49:56,4488.981,sl 4489.048,-8.97,444.39,8.900000000000546,-1.0078651685392641,34.93333333333333,4489.048,False,sl,breakout
cmp_breakout_2026-08-17__M15sig,2026-08-17,M15sig,2026-08-20 03:15:00,BUY,4492.767,4483.445,2026-08-20 04:33:10,4486.982,sl 4487.302,-5.79,438.6,9.322000000000116,-0.6211113494958086,78.16666666666667,4487.302,True,sl,breakout
cmp_breakout_2026-08-17__M15sig,2026-08-17,M15sig,2026-08-20 04:45:00,BUY,4487.195,4479.954,2026-08-20 05:28:15,4483.357,sl 4483.391,-3.84,434.76,7.2409999999999854,-0.5303134926115188,43.25,4483.391,True,sl,breakout
cmp_breakout_2026-08-17__M15sig,2026-08-17,M15sig,2026-08-20 06:00:00,BUY,4481.263,4475.17,2026-08-20 07:23:22,4485.888,sl 4486.038,4.63,439.39,6.092999999999847,0.7598883965206165,83.36666666666666,4486.038,True,sl,breakout
cmp_breakout_2026-08-17__M15sig,2026-08-17,M15sig,2026-08-20 07:30:00,BUY,4484.296,4477.975,2026-08-20 08:31:11,4488.74,sl 4488.742,4.44,443.83,6.320999999999913,0.7024205030849647,61.18333333333333,4488.742,True,sl,breakout
cmp_breakout_2026-08-17__M15sig,2026-08-17,M15sig,2026-08-20 08:45:00,BUY,4490.821,4484.03,2026-08-20 09:51:23,4483.94,sl 4484.030,-6.88,436.95,6.791000000000167,-1.013105580915893,66.38333333333334,4484.03,False,sl,breakout
cmp_breakout_2026-08-17__M15sig,2026-08-17,M15sig,2026-08-20 10:00:00,BUY,4482.658,4476.269,2026-08-20 11:14:27,4483.497,sl 4483.659,0.84,437.79,6.389000000000124,0.13147597433087865,74.45,4483.659,True,sl,breakout
cmp_breakout_2026-08-17__M15sig,2026-08-17,M15sig,2026-08-20 11:15:00,BUY,4485.353,4478.636,2026-08-20 11:38:21,4479.682,sl 4479.690,-5.67,432.12,6.7169999999996435,-0.8441268423403753,23.35,4479.69,True,sl,breakout
cmp_breakout_2026-08-17__M15sig,2026-08-17,M15sig,2026-08-20 12:15:00,BUY,4462.616,4454.399,2026-08-20 12:31:11,4455.472,sl 4455.652,-7.15,424.97,8.216999999999643,-0.8701472556894622,16.183333333333334,4455.652,True,sl,breakout
cmp_breakout_2026-08-17__M15sig,2026-08-17,M15sig,2026-08-20 12:45:00,BUY,4466.694,4457.251,2026-08-20 13:32:09,4469.224,sl 4469.278,2.53,427.5,9.443000000000211,0.2679233294503805,47.15,4469.278,True,sl,breakout
cmp_breakout_2026-08-17__M15sig,2026-08-17,M15sig,2026-08-20 13:45:00,BUY,4486.859,4475.887,2026-08-20 15:01:28,4525.559,,38.7,466.2,10.972000000000662,3.527160043747509,76.46666666666667,,False,other,breakout
cmp_breakout_2026-08-17__M15sig,2026-08-17,M15sig,2026-08-20 15:15:00,BUY,4535.13,4521.655,2026-08-20 15:36:00,4521.323,sl 4521.655,-13.81,452.39,13.475000000000364,-1.0248608534322543,21.0,4521.655,False,sl,breakout
cmp_breakout_2026-08-17__M15sig,2026-08-17,M15sig,2026-08-20 16:15:00,BUY,4511.479,4496.901,2026-08-20 20:30:08,4520.038,sl 4520.092,8.56,460.95,14.57800000000043,0.5871861709424988,255.13333333333333,4520.092,True,sl,breakout
cmp_breakout_2026-08-17__M15sig,2026-08-17,M15sig,2026-08-20 23:00:00,BUY,4524.385,4518.689,2026-08-20 23:28:31,4523.284,sl 4523.895,-1.11,459.84,5.695999999999913,-0.19487359550562097,28.516666666666666,4523.895,True,sl,breakout
cmp_breakout_2026-08-17__M15sig,2026-08-17,M15sig,2026-08-20 23:45:00,BUY,4524.659,4518.654,2026-08-21 00:13:02,4519.166,sl 4519.193,-5.49,453.82,6.0049999999992,-0.9142381348877155,28.033333333333335,4519.193,True,sl,breakout
cmp_breakout_2026-08-17__M15sig,2026-08-17,M15sig,2026-08-21 00:15:00,BUY,4518.888,4512.817,2026-08-21 00:36:35,4512.752,sl 4512.817,-6.14,447.68,6.070999999999913,-1.011365508153531,21.583333333333332,4512.817,False,sl,breakout
cmp_breakout_2026-08-17__M15sig,2026-08-17,M15sig,2026-08-21 00:45:00,BUY,4513.911,4507.919,2026-08-21 01:33:19,4535.528,,21.62,469.3,5.992000000000189,3.608144192256228,48.31666666666667,,False,other,breakout
cmp_breakout_2026-08-17__M15sig,2026-08-17,M15sig,2026-08-21 01:45:00,BUY,4526.077,4517.736,2026-08-21 02:10:51,4520.481,sl 4520.540,-5.6,463.7,8.34100000000035,-0.6713823282579745,25.85,4520.54,True,sl,breakout
cmp_breakout_2026-08-17__M15sig,2026-08-17,M15sig,2026-08-21 02:45:00,BUY,4538.259,4528.397,2026-08-21 03:40:45,4528.261,sl 4528.397,-10.0,453.7,9.86200000000008,-1.0139931048468789,55.75,4528.397,False,sl,breakout
cmp_breakout_2026-08-17__M15sig,2026-08-17,M15sig,2026-08-21 04:15:00,BUY,4540.279,4530.435,2026-08-21 05:17:11,4532.349,sl 4532.484,-7.93,445.77,9.844000000000051,-0.8055668427468466,62.18333333333333,4532.484,True,sl,breakout
cmp_breakout_2026-08-17__M15sig,2026-08-17,M15sig,2026-08-21 05:45:00,BUY,4543.243,4534.835,2026-08-21 08:17:28,4569.541,,26.3,472.07,8.408000000000357,3.127973358705862,152.46666666666667,,False,other,breakout
cmp_breakout_2026-08-17__M15sig,2026-08-17,M15sig,2026-08-21 09:30:00,BUY,4582.421,4572.006,2026-08-21 12:18:03,4588.681,sl 4588.783,6.26,478.33,10.414999999999964,0.60105616898704,168.05,4588.783,True,sl,breakout
cmp_breakout_2026-08-17__M15sig,2026-08-17,M15sig,2026-08-21 12:30:00,BUY,4585.002,4574.333,2026-08-21 12:35:28,4574.23,sl 4574.333,-10.77,467.56,10.669000000000779,-1.0094666791638591,5.466666666666667,4574.333,False,sl,breakout
cmp_breakout_2026-08-17__M15sig,2026-08-17,M15sig,2026-08-21 14:00:00,BUY,4581.329,4569.857,2026-08-21 14:37:59,4585.629,sl 4585.639,4.3,471.86,11.471999999999753,0.3748256624825743,37.983333333333334,4585.639,True,sl,breakout
cmp_breakout_2026-08-17__M15sig,2026-08-17,M15sig,2026-08-21 14:45:00,BUY,4582.729,4569.248,2026-08-21 16:45:00,4621.878,,39.15,511.01,13.481000000000677,2.9040872338845807,120.0,,False,other,breakout
cmp_breakout_2026-08-17__M15sig,2026-08-17,M15sig,2026-08-21 17:45:00,BUY,4619.677,4607.952,2026-08-21 20:18:36,4613.132,sl 4613.143,-6.55,504.46,11.724999999999454,-0.5586353944563159,153.6,4613.143,True,sl,breakout
cmp_swing_2026-08-17__M15sig,2026-08-17,M15sig,2026-08-18 01:45:41,BUY,4409.716,4407.012,2026-08-18 01:47:30,4407.008,sl 4407.012,-2.71,497.29,2.704000000000633,-1.002218934911008,1.8166666666666667,4407.012,False,sl,swing
cmp_swing_2026-08-17__M15sig,2026-08-17,M15sig,2026-08-18 02:33:59,BUY,4397.768,4394.765,2026-08-18 02:40:42,4394.754,sl 4394.765,-3.02,494.27,3.0029999999997017,-1.0056610056611055,6.716666666666667,4394.765,False,sl,swing
cmp_swing_2026-08-17__M15sig,2026-08-17,M15sig,2026-08-18 03:17:15,BUY,4397.813,4394.817,2026-08-18 03:23:41,4394.772,sl 4394.817,-3.04,491.23,2.9960000000000946,-1.0146862483310761,6.433333333333334,4394.817,False,sl,swing
cmp_swing_2026-08-17__M15sig,2026-08-17,M15sig,2026-08-21 12:32:48,BUY,4577.749,4573.866,2026-08-21 12:35:29,4573.763,sl 4573.866,-3.99,487.24,3.882999999999811,-1.0275560133917576,2.683333333333333,4573.866,False,sl,swing
cmp_swing_2026-08-17__M15sig,2026-08-17,M15sig,2026-08-21 13:00:02,BUY,4577.82,4573.792,2026-08-21 13:34:57,4573.713,sl 4573.792,-4.11,483.13,4.027999999999338,-1.0203574975175462,34.916666666666664,4573.792,False,sl,swing
cmp_breakout_2026-08-31__M15sig,2026-08-31,M15sig,2026-08-31 00:00:00,SELL,4458.301,4468.574,2026-08-31 00:36:40,4468.689,sl 4468.574,-10.39,489.61,10.272999999999229,-1.0113890781661423,36.666666666666664,4468.574,False,sl,breakout
cmp_breakout_2026-08-31__M15sig,2026-08-31,M15sig,2026-08-31 00:45:00,SELL,4465.37,4476.6,2026-08-31 01:02:21,4456.157,sl 4456.156,9.21,498.82,11.230000000000473,0.8201246660729843,17.35,4456.156,True,sl,breakout
cmp_breakout_2026-08-31__M15sig,2026-08-31,M15sig,2026-08-31 02:00:00,SELL,4440.316,4454.264,2026-08-31 02:57:59,4421.321,sl 4421.315,19.0,517.82,13.94800000000032,1.3622024663033814,57.983333333333334,4421.315,True,sl,breakout
cmp_breakout_2026-08-31__M15sig,2026-08-31,M15sig,2026-08-31 03:30:00,SELL,4427.812,4443.883,2026-08-31 05:24:45,4434.364,sl 4434.351,-6.55,511.27,16.070999999999913,-0.40756642399353094,114.75,4434.351,True,sl,breakout
cmp_breakout_2026-08-31__M15sig,2026-08-31,M15sig,2026-08-31 05:30:00,SELL,4440.192,4452.134,2026-08-31 07:24:26,4445.024,sl 4444.975,-4.83,506.44,11.942000000000007,-0.40445486518171136,114.43333333333334,4444.975,True,sl,breakout
cmp_breakout_2026-08-31__M15sig,2026-08-31,M15sig,2026-08-31 07:30:00,SELL,4444.109,4453.738,2026-08-31 10:05:22,4448.813,sl 4448.802,-4.7,501.74,9.628999999999905,-0.48810883788555887,155.36666666666667,4448.802,True,sl,breakout
cmp_breakout_2026-08-31__M15sig,2026-08-31,M15sig,2026-08-31 11:00:00,SELL,4453.912,4460.351,2026-08-31 11:25:58,4460.394,sl 4460.351,-6.48,495.26,6.438999999999396,-1.0063674483616414,25.966666666666665,4460.351,False,sl,breakout
cmp_breakout_2026-08-31__M15sig,2026-08-31,M15sig,2026-08-31 11:45:00,SELL,4454.857,4461.35,2026-08-31 12:13:31,4460.204,sl 4460.155,-5.34,489.92,6.493000000000393,-0.8224241490835787,28.516666666666666,4460.155,True,sl,breakout
cmp_breakout_2026-08-31__M15sig,2026-08-31,M15sig,2026-08-31 13:00:00,SELL,4435.728,4443.331,2026-08-31 13:07:29,4443.39,sl 4443.331,-7.66,482.26,7.6030000000000655,-1.0074970406418433,7.483333333333333,4443.331,False,sl,breakout
cmp_breakout_2026-08-31__M15sig,2026-08-31,M15sig,2026-08-31 13:15:00,SELL,4446.131,4454.256,2026-08-31 13:52:59,4419.471,,26.66,508.92,8.125,3.281230769230769,37.983333333333334,,False,other,breakout
cmp_breakout_2026-08-31__M15sig,2026-08-31,M15sig,2026-08-31 14:15:00,SELL,4427.267,4437.602,2026-08-31 14:37:06,4432.541,sl 4432.413,-5.27,503.65,10.335000000000036,-0.5099177552007722,22.1,4432.413,True,sl,breakout
cmp_breakout_2026-08-31__M15sig,2026-08-31,M15sig,2026-08-31 14:45:00,SELL,4432.942,4444.763,2026-08-31 19:23:31,4437.815,sl 4437.794,-4.88,498.77,11.820999999999913,-0.4128246341257115,278.51666666666665,4437.794,True,sl,breakout
cmp_breakout_2026-08-31__M15sig,2026-08-31,M15sig,2026-08-31 19:30:00,SELL,4440.386,4447.264,2026-08-31 19:48:31,4447.266,sl 4447.264,-6.88,491.89,6.877999999999702,-1.0002907822041724,18.516666666666666,4447.264,False,sl,breakout
cmp_breakout_2026-08-31__M15sig,2026-08-31,M15sig,2026-08-31 20:00:00,SELL,4453.547,4460.424,2026-08-31 23:54:11,4450.929,sl 4450.663,2.62,494.51,6.8770000000004075,0.380980078522589,234.18333333333334,4450.663,True,sl,breakout
cmp_breakout_2026-08-31__M15sig,2026-08-31,M15sig,2026-09-01 00:00:00,SELL,4452.22,4457.411,2026-09-01 00:04:59,4454.156,sl 4454.114,-1.94,492.57,5.1909999999998035,-0.3737237526488294,4.983333333333333,4454.114,True,sl,breakout
cmp_breakout_2026-08-31__M15sig,2026-08-31,M15sig,2026-09-01 00:15:00,SELL,4455.298,4460.884,2026-09-01 00:21:17,4460.935,sl 4460.884,-5.64,486.93,5.58600000000024,-1.0096670247045751,6.283333333333333,4460.884,False,sl,breakout
cmp_breakout_2026-08-31__M15sig,2026-08-31,M15sig,2026-09-01 00:30:00,SELL,4460.547,4465.86,2026-09-01 00:52:19,4460.429,sl 4460.426,0.12,487.05,5.313000000000102,0.022586109542630847,22.316666666666666,4460.426,True,sl,breakout
cmp_breakout_2026-08-31__M15sig,2026-08-31,M15sig,2026-09-01 01:00:00,SELL,4453.562,4459.542,2026-09-01 02:04:59,4447.3,sl 4447.250,6.26,493.31,5.980000000000473,1.0468227424748335,64.98333333333333,4447.25,True,sl,breakout
cmp_breakout_2026-08-31__M15sig,2026-08-31,M15sig,2026-09-01 03:15:01,SELL,4439.618,4449.08,2026-09-01 05:31:26,4434.879,sl 4434.810,4.74,498.05,9.461999999999534,0.5009511731135313,136.41666666666666,4434.81,True,sl,breakout
cmp_breakout_2026-08-31__M15sig,2026-08-31,M15sig,2026-09-01 05:45:00,SELL,4442.621,4450.608,2026-09-01 07:30:48,4420.767,,21.85,519.9,7.98700000000008,2.735695505195916,105.8,,False,other,breakout
cmp_breakout_2026-08-31__M15sig,2026-08-31,M15sig,2026-09-01 07:45:00,SELL,4418.348,4426.224,2026-09-01 08:09:51,4394.229,,24.12,544.02,7.876000000000204,3.0624682579989053,24.85,,False,other,breakout
cmp_breakout_2026-08-31__M15sig,2026-08-31,M15sig,2026-09-01 08:30:00,SELL,4383.198,4394.545,2026-09-01 10:16:29,4382.404,sl 4382.387,0.8,544.82,11.346999999999753,0.0705032167092639,106.48333333333333,4382.387,True,sl,breakout
cmp_breakout_2026-08-31__M15sig,2026-08-31,M15sig,2026-09-01 10:30:00,SELL,4384.883,4397.343,2026-09-01 12:35:47,4357.564,,27.32,572.14,12.460000000000036,2.192616372391647,125.78333333333333,,False,other,breakout
cmp_breakout_2026-08-31__M15sig,2026-08-31,M15sig,2026-09-01 13:15:00,SELL,4329.621,4341.375,2026-09-01 13:26:23,4341.429,sl 4341.375,-11.81,560.33,11.753999999999905,-1.0047643355453544,11.383333333333333,4341.375,False,sl,breakout
cmp_breakout_2026-08-31__M15sig,2026-08-31,M15sig,2026-09-01 13:30:00,SELL,4343.074,4355.5,2026-09-01 13:37:31,4355.558,sl 4355.500,-12.49,547.84,12.426000000000386,-1.0051504909061333,7.516666666666667,4355.5,False,sl,breakout
cmp_breakout_2026-08-31__M15sig,2026-08-31,M15sig,2026-09-01 13:45:00,SELL,4361.602,4374.273,2026-09-01 14:18:01,4373.369,sl 4373.083,-11.77,536.07,12.671000000000276,-0.9288927472180367,33.016666666666666,4373.083,True,sl,breakout
cmp_breakout_2026-08-31__M15sig,2026-08-31,M15sig,2026-09-01 14:30:00,SELL,4365.795,4380.02,2026-09-01 18:09:04,4338.142,,27.66,563.73,14.225000000000364,1.9444639718804424,219.06666666666666,,False,other,breakout
cmp_breakout_2026-08-31__M15sig,2026-08-31,M15sig,2026-09-01 18:15:00,SELL,4336.585,4345.889,2026-09-01 23:38:29,4335.088,sl 4335.050,1.5,565.23,9.304000000000087,0.16122098022355824,323.48333333333335,4335.05,True,sl,breakout
cmp_breakout_2026-08-31__M15sig,2026-08-31,M15sig,2026-09-01 23:45:00,SELL,4333.78,4339.146,2026-09-02 00:02:38,4316.093,,17.69,582.92,5.3659999999999854,3.2966828177413436,17.633333333333333,,False,other,breakout
cmp_breakout_2026-08-31__M15sig,2026-08-31,M15sig,2026-09-02 00:15:00,SELL,4328.213,4334.289,2026-09-02 00:17:36,4334.519,sl 4334.289,-6.31,576.61,6.076000000000022,-1.0385121790651706,2.6,4334.289,False,sl,breakout
cmp_breakout_2026-08-31__M15sig,2026-08-31,M15sig,2026-09-02 00:30:00,SELL,4325.891,4332.327,2026-09-02 00:44:30,4330.263,sl 4330.241,-4.37,572.24,6.436000000000604,-0.6789931634554988,14.5,4330.241,True,sl,breakout
cmp_breakout_2026-08-31__M15sig,2026-08-31,M15sig,2026-09-02 01:15:00,SELL,4317.434,4325.983,2026-09-02 01:15:54,4326.108,sl 4325.983,-8.68,563.56,8.548999999999978,-1.0153234296408962,0.9,4325.983,False,sl,breakout
cmp_breakout_2026-08-31__M15sig,2026-08-31,M15sig,2026-09-02 01:30:00,SELL,4317.526,4326.681,2026-09-02 01:58:39,4288.391,,29.14,592.7,9.154999999999745,3.1829601310760034,28.65,,False,other,breakout
cmp_breakout_2026-08-31__M15sig,2026-08-31,M15sig,2026-09-02 02:15:00,SELL,4296.148,4308.054,2026-09-02 02:34:39,4308.159,sl 4308.054,-12.01,580.69,11.905999999999949,-1.0087350915504831,19.65,4308.054,False,sl,breakout
cmp_breakout_2026-08-31__M15sig,2026-08-31,M15sig,2026-09-02 02:45:00,SELL,4309.502,4322.609,2026-09-02 03:56:38,4303.709,sl 4303.657,5.79,586.48,13.106999999999971,0.4417486839093624,71.63333333333334,4303.657,True,sl,breakout
cmp_breakout_2026-08-31__M15sig,2026-08-31,M15sig,2026-09-02 05:00:00,SELL,4307.242,4318.256,2026-09-02 05:30:02,4318.411,sl 4318.256,-11.17,575.31,11.014000000000124,-1.014163791538031,30.033333333333335,4318.256,False,sl,breakout
cmp_breakout_2026-08-31__M15sig,2026-08-31,M15sig,2026-09-02 05:45:00,SELL,4323.058,4332.337,2026-09-02 07:10:16,4327.922,sl 4327.879,-4.86,570.45,9.279000000000451,-0.5237633365664149,85.26666666666667,4327.879,True,sl,breakout
cmp_breakout_2026-08-31__M15sig,2026-08-31,M15sig,2026-09-02 07:30:00,SELL,4326.756,4334.539,2026-09-02 10:06:47,4302.385,,24.37,594.82,7.782999999999447,3.1311833483234914,156.78333333333333,,False,other,breakout
cmp_breakout_2026-08-31__M15sig,2026-08-31,M15sig,2026-09-02 10:45:00,SELL,4309.428,4316.475,2026-09-02 11:11:31,4316.012,sl 4315.975,-6.58,588.24,7.04700000000048,-0.9337306655313682,26.516666666666666,4315.975,True,sl,breakout
cmp_breakout_2026-08-31__M15sig,2026-08-31,M15sig,2026-09-02 11:45:00,SELL,4324.82,4332.815,2026-09-02 11:55:29,4332.895,sl 4332.815,-8.08,580.16,7.994999999999891,-1.010631644778,10.483333333333333,4332.815,False,sl,breakout
cmp_breakout_2026-08-31__M15sig,2026-08-31,M15sig,2026-09-02 12:00:00,SELL,4332.228,4340.555,2026-09-02 12:20:43,4340.632,sl 4340.555,-8.4,571.76,8.327000000000226,-1.0087666626635972,20.716666666666665,4340.555,False,sl,breakout
cmp_breakout_2026-08-31__M15sig,2026-08-31,M15sig,2026-09-02 12:30:00,SELL,4336.418,4345.077,2026-09-02 13:02:17,4340.749,sl 4340.708,-4.33,567.43,8.65900000000056,-0.5000577433883496,32.28333333333333,4340.708,True,sl,breakout
cmp_breakout_2026-08-31__M15sig,2026-08-31,M15sig,2026-09-02 13:15:00,SELL,4339.427,4348.657,2026-09-02 13:25:18,4348.706,sl 4348.657,-9.28,558.15,9.230000000000473,-1.0054171180931228,10.3,4348.657,False,sl,breakout
cmp_breakout_2026-08-31__M15sig,2026-08-31,M15sig,2026-09-02 14:15:00,SELL,4388.016,4401.512,2026-09-02 17:26:18,4369.437,sl 4369.321,18.58,576.73,13.496000000000095,1.3767042086544063,191.3,4369.321,True,sl,breakout
cmp_breakout_2026-08-31__M15sig,2026-08-31,M15sig,2026-09-02 17:30:00,SELL,4370.02,4378.503,2026-09-02 17:45:16,4378.542,sl 4378.503,-8.52,568.21,8.482999999999265,-1.0043616645055684,15.266666666666667,4378.503,False,sl,breakout
cmp_breakout_2026-08-31__M15sig,2026-08-31,M15sig,2026-09-02 18:00:00,SELL,4376.901,4384.322,2026-09-02 19:23:06,4380.828,sl 4380.640,-3.93,564.28,7.4210000000002765,-0.5295782239590154,83.1,4380.64,True,sl,breakout
cmp_breakout_2026-08-31__M15sig,2026-08-31,M15sig,2026-09-02 19:30:00,SELL,4381.079,4387.602,2026-09-02 19:44:28,4387.78,sl 4387.602,-6.7,557.58,6.523000000000138,-1.0271347539475484,14.466666666666667,4387.602,False,sl,breakout
cmp_breakout_2026-08-31__M15sig,2026-08-31,M15sig,2026-09-02 20:15:00,SELL,4386.095,4392.824,2026-09-02 22:02:37,4392.842,sl 4392.824,-6.74,550.84,6.72899999999936,-1.0016347154110032,107.61666666666666,4392.824,False,sl,breakout
cmp_breakout_2026-08-31__M15sig,2026-08-31,M15sig,2026-09-02 22:30:00,SELL,4389.969,4395.867,2026-09-02 23:46:39,4389.108,sl 4389.001,0.86,551.7,5.898000000000138,0.1458121397083723,76.65,4389.001,True,sl,breakout
cmp_breakout_2026-08-31__M15sig,2026-08-31,M15sig,2026-09-03 00:00:00,SELL,4385.81,4390.272,2026-09-03 00:05:37,4390.285,sl 4390.272,-4.48,547.22,4.461999999999534,-1.004034065441611,5.616666666666666,4390.272,False,sl,breakout
cmp_breakout_2026-08-31__M15sig,2026-08-31,M15sig,2026-09-03 00:15:00,SELL,4390.325,4394.806,2026-09-03 00:38:57,4389.799,sl 4389.655,0.53,547.75,4.480999999999767,0.11827717027449845,23.95,4389.655,True,sl,breakout
cmp_breakout_2026-08-31__M15sig,2026-08-31,M15sig,2026-09-03 00:45:00,SELL,4387.669,4392.179,2026-09-03 00:50:36,4392.182,sl 4392.179,-4.51,543.24,4.510000000000218,-0.9999999999999516,5.6,4392.179,False,sl,breakout
cmp_breakout_2026-08-31__M15sig,2026-08-31,M15sig,2026-09-03 01:00:00,SELL,4395.355,4400.455,2026-09-03 01:03:00,4395.283,sl 4395.252,0.08,543.32,5.100000000000364,0.015686274509802804,3.0,4395.252,True,sl,breakout
cmp_breakout_2026-08-31__M15sig,2026-08-31,M15sig,2026-09-03 01:45:00,SELL,4400.857,4407.974,2026-09-03 01:49:38,4408.106,sl 4407.974,-7.25,536.07,7.117000000000189,-1.0186876492904042,4.633333333333334,4407.974,False,sl,breakout
cmp_breakout_2026-08-31__M15sig,2026-08-31,M15sig,2026-09-03 02:00:00,SELL,4410.443,4418.211,2026-09-03 02:37:34,4418.36,sl 4418.211,-7.92,528.15,7.768000000000029,-1.0195674562306862,37.56666666666667,4418.211,False,sl,breakout
cmp_breakout_2026-08-31__M15sig,2026-08-31,M15sig,2026-09-03 02:45:00,SELL,4413.747,4422.388,2026-09-03 03:03:46,4422.626,sl 4422.388,-8.88,519.27,8.640999999999622,-1.0276588357829406,18.766666666666666,4422.388,False,sl,breakout
cmp_breakout_2026-08-31__M15sig,2026-08-31,M15sig,2026-09-03 03:30:00,SELL,4429.216,4438.957,2026-09-03 05:00:28,4439.082,sl 4438.957,-9.86,509.41,9.740999999999985,-1.0122164048865634,90.46666666666667,4438.957,False,sl,breakout
cmp_breakout_2026-08-31__M15sig,2026-08-31,M15sig,2026-09-03 05:30:00,SELL,4425.158,4432.79,2026-09-03 05:35:20,4432.809,sl 4432.790,-7.65,501.76,7.631999999999607,-1.0023584905660894,5.333333333333333,4432.79,False,sl,breakout
cmp_breakout_2026-08-31__M15sig,2026-08-31,M15sig,2026-09-03 05:45:00,SELL,4432.205,4440.104,2026-09-03 07:05:00,4431.809,sl 4431.725,0.4,502.16,7.899000000000342,0.050639321433090606,80.0,4431.725,True,sl,breakout
cmp_breakout_2026-08-31__M15sig,2026-08-31,M15sig,2026-09-03 08:00:00,SELL,4428.79,4437.445,2026-09-03 08:03:35,4437.483,sl 4437.445,-8.69,493.47,8.654999999999745,-1.0040439052571064,3.5833333333333335,4437.445,False,sl,breakout
cmp_breakout_2026-08-31__M15sig,2026-08-31,M15sig,2026-09-03 08:30:00,SELL,4438.344,4448.203,2026-09-03 11:11:10,4431.71,sl 4431.662,6.63,500.1,9.859000000000378,0.6724819961456279,161.16666666666666,4431.662,True,sl,breakout
cmp_breakout_2026-08-31__M15sig,2026-08-31,M15sig,2026-09-03 11:15:00,SELL,4432.586,4440.187,2026-09-03 11:40:56,4438.349,sl 4438.320,-5.76,494.34,7.600999999999658,-0.7577950269701695,25.933333333333334,4438.32,True,sl,breakout
cmp_breakout_2026-08-31__M15sig,2026-08-31,M15sig,2026-09-03 11:45:01,SELL,4438.606,4446.093,2026-09-03 11:57:58,4446.188,sl 4446.093,-7.58,486.76,7.48700000000008,-1.0124215306531212,12.95,4446.093,False,sl,breakout
cmp_breakout_2026-08-31__M15sig,2026-08-31,M15sig,2026-09-03 12:45:00,BUY,4467.915,4458.188,2026-09-03 13:17:59,4480.366,sl 4480.369,12.45,499.21,9.726999999999862,1.2799424282924001,32.983333333333334,4480.369,True,sl,breakout
cmp_breakout_2026-08-31__M15sig,2026-08-31,M15sig,2026-09-03 14:30:00,BUY,4477.705,4463.493,2026-09-03 15:50:09,4487.326,sl 4487.338,9.62,508.83,14.211999999999534,0.6768927666760706,80.15,4487.338,True,sl,breakout
cmp_breakout_2026-08-31__M15sig,2026-08-31,M15sig,2026-09-03 16:45:00,BUY,4487.919,4475.737,2026-09-03 18:30:13,4479.593,sl 4479.598,-8.33,500.5,12.181999999999789,-0.6837957642423366,105.21666666666667,4479.598,True,sl,breakout
cmp_breakout_2026-08-31__M15sig,2026-08-31,M15sig,2026-09-03 18:45:00,BUY,4481.607,4473.807,2026-09-03 19:13:35,4473.783,sl 4473.807,-7.83,492.67,7.800000000000182,-1.0038461538461305,28.583333333333332,4473.807,False,sl,breakout
cmp_breakout_2026-08-31__M15sig,2026-08-31,M15sig,2026-09-03 19:15:00,BUY,4474.468,4467.475,2026-09-03 20:15:30,4470.831,sl 4470.917,-3.64,489.03,6.992999999999483,-0.520520520520559,60.5,4470.917,True,sl,breakout
cmp_breakout_2026-08-31__M15sig,2026-08-31,M15sig,2026-09-03 20:30:00,BUY,4472.043,4465.99,2026-09-04 00:18:13,4476.311,sl 4476.526,4.27,492.77,6.052999999999884,0.7054353213282805,228.21666666666667,4476.526,True,sl,breakout
cmp_breakout_2026-08-31__M15sig,2026-08-31,M15sig,2026-09-04 00:30:00,BUY,4474.926,4470.484,2026-09-04 01:03:32,4479.643,sl 4479.769,4.71,497.48,4.442000000000007,1.0603331832507863,33.53333333333333,4479.769,True,sl,breakout
cmp_breakout_2026-08-31__M15sig,2026-08-31,M15sig,2026-09-04 01:15:00,BUY,4475.087,4469.167,2026-09-04 01:26:58,4469.712,sl 4469.752,-5.38,492.1,5.920000000000073,-0.9087837837837726,11.966666666666667,4469.752,True,sl,breakout
cmp_breakout_2026-08-31__M15sig,2026-08-31,M15sig,2026-09-04 01:30:00,BUY,4471.181,4464.628,2026-09-04 01:47:34,4466.846,sl 4466.858,-4.33,487.77,6.552999999999884,-0.6607660613459602,17.566666666666666,4466.858,True,sl,breakout
cmp_breakout_2026-08-31__M15sig,2026-08-31,M15sig,2026-09-04 02:15:00,BUY,4479.571,4472.035,2026-09-04 02:28:26,4472.023,sl 4472.035,-7.55,480.22,7.536000000000058,-1.0018577494692067,13.433333333333334,4472.035,False,sl,breakout
cmp_breakout_2026-08-31__M15sig,2026-08-31,M15sig,2026-09-04 02:30:00,BUY,4473.984,4466.155,2026-09-04 03:51:36,4468.631,sl 4468.642,-5.35,474.87,7.829000000000633,-0.6833567505427982,81.6,4468.642,True,sl,breakout
cmp_breakout_2026-08-31__M15sig,2026-08-31,M15sig,2026-09-04 04:00:00,BUY,4467.046,4458.667,2026-09-04 05:50:33,4468.557,sl 4468.710,1.51,476.38,8.378999999999905,0.18021243585153562,110.55,4468.71,True,sl,breakout
cmp_breakout_2026-08-31__M15sig,2026-08-31,M15sig,2026-09-04 06:30:00,BUY,4469.19,4463.412,2026-09-04 06:37:09,4463.363,sl 4463.412,-5.83,470.55,5.777999999999338,-1.0089996538595827,7.15,4463.412,False,sl,breakout
cmp_breakout_2026-08-31__M15sig,2026-08-31,M15sig,2026-09-04 06:45:00,BUY,4464.481,4458.847,2026-09-04 07:43:27,4483.181,,18.7,489.25,5.6340000000000146,3.31913383031593,58.45,,False,other,breakout
cmp_breakout_2026-08-31__M15sig,2026-08-31,M15sig,2026-09-04 08:15:00,BUY,4482.314,4474.83,2026-09-04 08:49:48,4474.733,sl 4474.830,-7.58,481.67,7.484000000000378,-1.012827365045379,34.8,4474.83,False,sl,breakout
cmp_breakout_2026-08-31__M15sig,2026-08-31,M15sig,2026-09-04 09:15:00,BUY,4470.415,4463.114,2026-09-04 11:29:21,4465.374,sl 4465.404,-5.05,476.62,7.301000000000386,-0.6916860704012784,134.35,4465.404,True,sl,breakout
cmp_breakout_2026-08-31__M15sig,2026-08-31,M15sig,2026-09-04 11:45:00,BUY,4468.271,4462.548,2026-09-04 12:30:01,4464.179,sl 4467.755,-4.09,472.53,5.722999999999956,-0.7146601432815012,45.016666666666666,4467.755,True,sl,breakout
cmp_breakout_2026-08-31__M15sig,2026-08-31,M15sig,2026-09-04 13:00:00,SELL,4393.833,4407.841,2026-09-04 13:03:57,4386.795,sl 4386.751,7.03,479.56,14.00800000000072,0.5018560822386949,3.95,4386.751,True,sl,breakout
cmp_breakout_2026-08-31__M15sig,2026-08-31,M15sig,2026-09-04 13:30:00,SELL,4412.416,4429.491,2026-09-04 13:47:01,4429.521,sl 4429.491,-17.1,462.46,17.074999999999818,-1.001464128843349,17.016666666666666,4429.491,False,sl,breakout
cmp_breakout_2026-08-31__M15sig,2026-08-31,M15sig,2026-09-04 14:30:00,SELL,4429.134,4449.946,2026-09-04 19:12:09,4429.014,sl 4429.006,0.12,462.58,20.811999999999898,0.005765904285988881,282.15,4429.006,True,sl,breakout
cmp_breakout_2026-08-31__M15sig,2026-08-31,M15sig,2026-09-04 19:15:00,SELL,4429.118,4437.212,2026-09-04 19:33:38,4437.221,sl 4437.212,-8.1,454.48,8.094000000000051,-1.0007412898443229,18.633333333333333,4437.212,False,sl,breakout
cmp_breakout_2026-08-31__M15sig,2026-08-31,M15sig,2026-09-04 20:15:00,SELL,4431.81,4438.979,2026-09-04 20:57:59,4430.415,end of test,1.39,455.87,7.168999999999869,0.19389036127772705,42.983333333333334,,False,end,breakout
cmp_swing_2026-08-31__M15sig,2026-08-31,M15sig,2026-09-02 11:35:33,SELL,4331.72,4334.768,2026-09-02 12:04:46,4335.058,sl 4334.768,-3.34,496.66,3.0479999999997744,-1.0958005249344642,29.216666666666665,4334.768,False,sl,swing
cmp_breakout_2026-09-07__M15sig,2026-09-07,M15sig,2026-09-07 00:00:00,SELL,4423.16,4428.382,2026-09-07 00:17:45,4428.456,sl 4428.382,-5.3,494.7,5.221999999999753,-1.0149368058215724,17.75,4428.382,False,sl,breakout
cmp_breakout_2026-09-07__M15sig,2026-09-07,M15sig,2026-09-07 00:45:00,SELL,4423.906,4429.63,2026-09-07 00:48:32,4429.659,sl 4429.630,-5.75,488.95,5.72400000000016,-1.0045422781271558,3.533333333333333,4429.63,False,sl,breakout
cmp_breakout_2026-09-07__M15sig,2026-09-07,M15sig,2026-09-07 01:00:00,SELL,4412.811,4419.774,2026-09-07 01:27:52,4402.649,sl 4402.558,10.16,499.11,6.963000000000648,1.4591411747808496,27.866666666666667,4402.558,True,sl,breakout
cmp_breakout_2026-09-07__M15sig,2026-09-07,M15sig,2026-09-07 02:30:00,SELL,4407.601,4417.147,2026-09-07 02:37:54,4417.213,sl 4417.147,-9.61,489.5,9.546000000000276,-1.0067043787973728,7.9,4417.147,False,sl,breakout
cmp_breakout_2026-09-07__M15sig,2026-09-07,M15sig,2026-09-07 02:45:00,SELL,4414.78,4425.013,2026-09-07 05:27:48,4407.995,sl 4407.874,6.78,496.28,10.233000000000175,0.6625622984461922,162.8,4407.874,True,sl,breakout
cmp_breakout_2026-09-07__M15sig,2026-09-07,M15sig,2026-09-07 05:30:00,SELL,4410.889,4418.129,2026-09-07 06:04:18,4386.716,,24.17,520.45,7.239999999999782,3.3383977900553496,34.3,,False,other,breakout
cmp_breakout_2026-09-07__M15sig,2026-09-07,M15sig,2026-09-07 06:15:00,SELL,4391.959,4399.834,2026-09-07 06:42:38,4399.928,sl 4399.834,-7.97,512.48,7.875,-1.012063492063492,27.633333333333333,4399.834,False,sl,breakout
cmp_breakout_2026-09-07__M15sig,2026-09-07,M15sig,2026-09-07 06:45:00,SELL,4396.441,4404.126,2026-09-07 07:55:47,4403.082,sl 4403.041,-6.64,505.84,7.6850000000004,-0.8640208197787448,70.78333333333333,4403.041,True,sl,breakout
cmp_breakout_2026-09-07__M15sig,2026-09-07,M15sig,2026-09-07 08:00:00,SELL,4406.238,4414.966,2026-09-07 08:03:05,4414.997,sl 4414.966,-8.76,497.08,8.728000000000065,-1.0036663611365644,3.0833333333333335,4414.966,False,sl,breakout
cmp_breakout_2026-09-07__M15sig,2026-09-07,M15sig,2026-09-07 08:15:00,SELL,4417.063,4426.11,2026-09-07 10:34:32,4394.011,,23.05,520.13,9.04699999999957,2.54780590250924,139.53333333333333,,False,other,breakout
cmp_breakout_2026-09-07__M15sig,2026-09-07,M15sig,2026-09-07 11:45:00,SELL,4386.801,4393.857,2026-09-07 12:21:23,4393.941,sl 4393.857,-7.14,512.99,7.055999999999585,-1.0119047619048214,36.38333333333333,4393.857,False,sl,breakout
cmp_breakout_2026-09-07__M15sig,2026-09-07,M15sig,2026-09-07 12:30:00,SELL,4395.437,4402.265,2026-09-07 13:05:59,4402.268,sl 4402.265,-6.83,506.16,6.828000000000429,-1.0002929115406518,35.983333333333334,4402.265,False,sl,breakout
cmp_breakout_2026-09-07__M15sig,2026-09-07,M15sig,2026-09-07 13:15:00,SELL,4404.122,4411.098,2026-09-07 14:43:49,4411.177,sl 4411.098,-7.06,499.1,6.975999999999658,-1.0120412844037192,88.81666666666666,4411.098,False,sl,breakout
cmp_breakout_2026-09-07__M15sig,2026-09-07,M15sig,2026-09-07 14:45:00,SELL,4412.046,4418.611,2026-09-07 14:48:42,4418.931,sl 4418.611,-6.88,492.22,6.5649999999996,-1.0479817212491118,3.7,4418.611,False,sl,breakout
cmp_breakout_2026-09-07__M15sig,2026-09-07,M15sig,2026-09-07 15:00:00,SELL,4416.176,4422.841,2026-09-07 18:25:38,4403.448,,12.73,504.95,6.664999999999964,1.9099774943736039,205.63333333333333,,False,other,breakout
cmp_breakout_2026-09-07__M15sig,2026-09-07,M15sig,2026-09-07 22:01:31,SELL,4412.027,4415.862,2026-09-07 23:04:55,4411.961,sl 4411.955,0.07,505.02,3.8350000000000364,0.018252933507170624,63.4,4411.955,True,sl,breakout
cmp_breakout_2026-09-07__M15sig,2026-09-07,M15sig,2026-09-07 23:15:01,SELL,4411.107,4414.786,2026-09-07 23:33:50,4414.787,sl 4414.786,-3.68,501.34,3.6790000000000873,-1.0002718129926373,18.816666666666666,4414.786,False,sl,breakout
cmp_breakout_2026-09-07__M15sig,2026-09-07,M15sig,2026-09-08 00:00:00,SELL,4423.056,4428.271,2026-09-08 00:17:28,4423.065,sl 4423.012,-0.01,501.33,5.2150000000001455,-0.001917545541706562,17.466666666666665,4423.012,True,sl,breakout
cmp_breakout_2026-09-07__M15sig,2026-09-07,M15sig,2026-09-08 01:15:00,SELL,4428.738,4436.911,2026-09-08 01:31:35,4437.2,sl 4436.911,-8.46,492.87,8.172999999999774,-1.035115624617672,16.583333333333332,4436.911,False,sl,breakout
cmp_breakout_2026-09-07__M15sig,2026-09-07,M15sig,2026-09-08 01:45:00,SELL,4433.393,4441.789,2026-09-08 03:19:30,4435.947,sl 4435.938,-2.56,490.31,8.39599999999973,-0.3049070986183995,94.5,4435.938,True,sl,breakout
cmp_breakout_2026-09-07__M15sig,2026-09-07,M15sig,2026-09-08 03:30:00,SELL,4432.271,4441.774,2026-09-08 04:00:51,4441.794,sl 4441.774,-9.52,480.79,9.503000000000611,-1.0017889087655885,30.85,4441.774,False,sl,breakout
cmp_breakout_2026-09-07__M15sig,2026-09-07,M15sig,2026-09-08 04:30:00,SELL,4432.83,4441.047,2026-09-08 06:18:02,4407.255,,25.57,506.36,8.216999999999643,3.111841304612524,108.03333333333333,,False,other,breakout
cmp_breakout_2026-09-07__M15sig,2026-09-07,M15sig,2026-09-08 06:45:00,SELL,4407.207,4416.247,2026-09-08 09:41:28,4402.091,sl 4402.054,5.12,511.48,9.039999999999964,0.5663716814159315,176.46666666666667,4402.054,True,sl,breakout
cmp_breakout_2026-09-07__M15sig,2026-09-07,M15sig,2026-09-08 09:45:00,SELL,4401.477,4409.942,2026-09-08 10:20:18,4406.073,sl 4405.599,-4.59,506.89,8.465000000000146,-0.5422327229769547,35.3,4405.599,True,sl,breakout
cmp_breakout_2026-09-07__M15sig,2026-09-07,M15sig,2026-09-08 10:30:00,SELL,4399.557,4407.73,2026-09-08 11:33:12,4403.495,sl 4403.465,-3.94,502.95,8.172999999999774,-0.4820751254129584,63.2,4403.465,True,sl,breakout
cmp_breakout_2026-09-07__M15sig,2026-09-07,M15sig,2026-09-08 11:45:00,SELL,4403.688,4411.461,2026-09-08 12:26:07,4398.789,sl 4398.761,4.9,507.85,7.773000000000138,0.6303872378746833,41.11666666666667,4398.761,True,sl,breakout
cmp_breakout_2026-09-07__M15sig,2026-09-07,M15sig,2026-09-08 12:30:00,SELL,4402.061,4411.328,2026-09-08 12:59:00,4409.699,sl 4409.659,-7.64,500.21,9.267000000000735,-0.8244307758713061,29.0,4409.659,True,sl,breakout
cmp_breakout_2026-09-07__M15sig,2026-09-07,M15sig,2026-09-08 13:30:00,SELL,4400.436,4411.183,2026-09-08 13:55:49,4406.782,sl 4406.766,-6.34,493.87,10.747000000000298,-0.5899320740671652,25.816666666666666,4406.766,True,sl,breakout
cmp_breakout_2026-09-07__M15sig,2026-09-07,M15sig,2026-09-08 14:45:00,SELL,4397.553,4409.617,2026-09-08 15:11:56,4407.599,sl 4407.461,-10.05,483.82,12.064000000000306,-0.8330570291776977,26.933333333333334,4407.461,True,sl,breakout
cmp_breakout_2026-09-07__M15sig,2026-09-07,M15sig,2026-09-08 15:15:00,SELL,4404.931,4417.367,2026-09-08 16:50:26,4398.098,sl 4398.055,6.83,490.65,12.436000000000604,0.5492119652621155,95.43333333333334,4398.055,True,sl,breakout
cmp_breakout_2026-09-07__M15sig,2026-09-07,M15sig,2026-09-08 17:00:00,SELL,4393.757,4404.141,2026-09-08 18:48:58,4370.06,,23.7,514.35,10.384000000000015,2.282357473035436,108.96666666666667,,False,other,breakout
cmp_breakout_2026-09-07__M15sig,2026-09-07,M15sig,2026-09-08 19:15:00,SELL,4370.522,4379.599,2026-09-08 22:02:05,4358.571,sl 4358.553,11.95,526.3,9.077000000000226,1.3165142668282144,167.08333333333334,4358.553,True,sl,breakout
cmp_breakout_2026-09-07__M15sig,2026-09-07,M15sig,2026-09-08 22:15:00,SELL,4356.226,4364.852,2026-09-09 00:43:51,4351.618,sl 4351.520,4.61,530.91,8.626000000000204,0.5344307906329575,148.85,4351.52,True,sl,breakout
cmp_breakout_2026-09-07__M15sig,2026-09-07,M15sig,2026-09-09 01:00:00,SELL,4364.665,4371.828,2026-09-09 01:07:36,4365.298,sl 4365.241,-0.63,530.28,7.163000000000466,-0.0879519754292837,7.6,4365.241,True,sl,breakout
cmp_breakout_2026-09-07__M15sig,2026-09-07,M15sig,2026-09-09 02:00:00,SELL,4373.595,4381.759,2026-09-09 02:52:23,4380.038,sl 4380.016,-6.44,523.84,8.16399999999976,-0.7888290053895382,52.38333333333333,4380.016,True,sl,breakout
cmp_breakout_2026-09-07__M15sig,2026-09-07,M15sig,2026-09-09 03:00:00,SELL,4382.098,4391.055,2026-09-09 05:01:31,4383.163,sl 4382.954,-1.06,522.78,8.957000000000335,-0.11834319526626777,121.51666666666667,4382.954,True,sl,breakout
cmp_breakout_2026-09-07__M15sig,2026-09-07,M15sig,2026-09-09 05:30:00,SELL,4385.228,4391.154,2026-09-09 05:37:14,4391.194,sl 4391.154,-5.96,516.82,5.926000000000386,-1.005737428282081,7.233333333333333,4391.154,False,sl,breakout
cmp_breakout_2026-09-07__M15sig,2026-09-07,M15sig,2026-09-09 06:00:00,SELL,4398.914,4405.486,2026-09-09 06:05:35,4405.53,sl 4405.486,-6.62,510.2,6.572000000000116,-1.0073037127206153,5.583333333333333,4405.486,False,sl,breakout
cmp_breakout_2026-09-07__M15sig,2026-09-07,M15sig,2026-09-09 06:30:00,SELL,4398.093,4404.403,2026-09-09 06:37:13,4404.609,sl 4404.403,-6.52,503.68,6.3100000000004,-1.0332805071314717,7.216666666666667,4404.403,False,sl,breakout
cmp_breakout_2026-09-07__M15sig,2026-09-07,M15sig,2026-09-09 07:00:00,SELL,4400.658,4407.216,2026-09-09 07:14:02,4407.225,sl 4407.216,-6.57,497.11,6.557999999999993,-1.0018298261665153,14.033333333333333,4407.216,False,sl,breakout
cmp_breakout_2026-09-07__M15sig,2026-09-07,M15sig,2026-09-09 07:30:00,SELL,4407.696,4414.679,2026-09-09 09:55:03,4390.799,,16.9,514.01,6.983000000000175,2.4201632536158635,145.05,,False,other,breakout
cmp_breakout_2026-09-07__M15sig,2026-09-07,M15sig,2026-09-09 10:30:00,SELL,4394.5,4400.242,2026-09-09 10:50:51,4400.303,sl 4400.242,-5.8,508.21,5.742000000000189,-1.0101010101009769,20.85,4400.242,False,sl,breakout
cmp_breakout_2026-09-07__M15sig,2026-09-07,M15sig,2026-09-09 11:00:00,SELL,4399.693,4405.4,2026-09-09 11:24:11,4405.404,sl 4405.400,-5.71,502.5,5.706999999999425,-1.0005256702296434,24.183333333333334,4405.4,False,sl,breakout
cmp_breakout_2026-09-07__M15sig,2026-09-07,M15sig,2026-09-09 12:15:00,SELL,4399.39,4406.03,2026-09-09 12:57:20,4401.462,sl 4401.383,-2.07,500.43,6.639999999999418,-0.31174698795183453,42.333333333333336,4401.383,True,sl,breakout
cmp_breakout_2026-09-07__M15sig,2026-09-07,M15sig,2026-09-09 13:15:00,SELL,4413.119,4421.186,2026-09-09 13:23:14,4421.365,sl 4421.186,-8.25,492.18,8.067000000000007,-1.0226850130159901,8.233333333333333,4421.186,False,sl,breakout
cmp_breakout_2026-09-07__M15sig,2026-09-07,M15sig,2026-09-09 14:15:00,SELL,4423.218,4434.205,2026-09-09 14:39:17,4426.502,sl 4426.434,-3.28,488.9,10.98700000000008,-0.2985346318376241,24.283333333333335,4426.434,True,sl,breakout
cmp_breakout_2026-09-07__M15sig,2026-09-07,M15sig,2026-09-09 15:00:00,SELL,4418.957,4430.8,2026-09-09 15:00:54,4430.995,sl 4430.800,-12.04,476.86,11.842999999999847,-1.016634298741886,0.9,4430.8,False,sl,breakout
cmp_breakout_2026-09-07__M15sig,2026-09-07,M15sig,2026-09-09 15:15:00,SELL,4389.572,4404.778,2026-09-09 15:33:03,4398.361,sl 4398.354,-8.79,468.07,15.206000000000131,-0.5780612915954179,18.05,4398.354,True,sl,breakout
cmp_breakout_2026-09-07__M15sig,2026-09-07,M15sig,2026-09-09 15:45:00,SELL,4402.942,4419.053,2026-09-09 17:06:04,4416.355,sl 4416.278,-13.42,454.65,16.110999999999876,-0.832971261870778,81.06666666666666,4416.278,True,sl,breakout
cmp_breakout_2026-09-07__M15sig,2026-09-07,M15sig,2026-09-09 17:15:01,SELL,4416.73,4431.271,2026-09-09 20:15:00,4397.611,,19.12,473.77,14.541000000000167,1.3149026889484754,179.98333333333332,,False,other,breakout
cmp_breakout_2026-09-07__M15sig,2026-09-07,M15sig,2026-09-09 20:30:00,SELL,4394.657,4400.961,2026-09-09 20:36:22,4401.019,sl 4400.961,-6.36,467.41,6.304000000000087,-1.0088832487309505,6.366666666666666,4400.961,False,sl,breakout
cmp_breakout_2026-09-07__M15sig,2026-09-07,M15sig,2026-09-09 20:45:01,SELL,4400.099,4405.999,2026-09-09 22:03:06,4406.208,sl 4405.999,-6.11,461.3,5.899999999999636,-1.035593220339047,78.08333333333333,4405.999,False,sl,breakout
cmp_breakout_2026-09-07__M15sig,2026-09-07,M15sig,2026-09-09 22:15:00,SELL,4403.05,4408.623,2026-09-10 00:00:00,4394.025,sl 4393.910,9.02,470.32,5.572999999999411,1.6185178539388039,105.0,4393.91,True,sl,breakout
cmp_breakout_2026-09-07__M15sig,2026-09-07,M15sig,2026-09-10 00:30:01,SELL,4392.733,4397.507,2026-09-10 00:37:05,4397.589,sl 4397.507,-4.86,465.46,4.7739999999994325,-1.0180142438208166,7.066666666666666,4397.507,False,sl,breakout
cmp_breakout_2026-09-07__M15sig,2026-09-07,M15sig,2026-09-10 00:45:00,SELL,4400.929,4406.219,2026-09-10 01:00:53,4406.233,sl 4406.219,-5.3,460.16,5.289999999999964,-1.0018903591682489,15.883333333333333,4406.219,False,sl,breakout
cmp_breakout_2026-09-07__M15sig,2026-09-07,M15sig,2026-09-10 01:30:00,SELL,4410.565,4417.317,2026-09-10 02:03:06,4416.211,sl 4416.098,-5.64,454.52,6.7520000000004075,-0.8353080568719875,33.1,4416.098,True,sl,breakout
cmp_breakout_2026-09-07__M15sig,2026-09-07,M15sig,2026-09-10 02:15:01,SELL,4414.093,4421.279,2026-09-10 02:39:16,4419.536,sl 4419.480,-5.45,449.07,7.186000000000604,-0.7584191483439385,24.25,4419.48,True,sl,breakout
cmp_breakout_2026-09-07__M15sig,2026-09-07,M15sig,2026-09-10 02:45:00,SELL,4418.036,4426.007,2026-09-10 05:12:44,4417.124,sl 4416.960,0.92,449.99,7.970999999999549,0.11541839166980958,147.73333333333332,4416.96,True,sl,breakout
cmp_breakout_2026-09-07__M15sig,2026-09-07,M15sig,2026-09-10 05:30:00,SELL,4420.657,4427.512,2026-09-10 05:33:03,4427.635,sl 4427.512,-6.98,443.01,6.854999999999563,-1.0182348650620634,3.05,4427.512,False,sl,breakout
cmp_breakout_2026-09-07__M15sig,2026-09-07,M15sig,2026-09-10 06:15:00,SELL,4416.538,4424.219,2026-09-10 06:42:47,4423.195,sl 4423.183,-6.66,436.35,7.681000000000495,-0.8670745996614466,27.783333333333335,4423.183,True,sl,breakout
cmp_breakout_2026-09-07__M15sig,2026-09-07,M15sig,2026-09-10 06:45:00,SELL,4426.706,4434.795,2026-09-10 08:35:04,4399.78,,26.93,463.28,8.088999999999942,3.329212510817183,110.06666666666666,,False,other,breakout
cmp_breakout_2026-09-07__M15sig,2026-09-07,M15sig,2026-09-10 08:45:00,SELL,4396.035,4405.014,2026-09-10 10:56:38,4386.424,sl 4386.410,9.62,472.9,8.97900000000027,1.0713887960797095,131.63333333333333,4386.41,True,sl,breakout
cmp_breakout_2026-09-07__M15sig,2026-09-07,M15sig,2026-09-10 11:45:00,SELL,4384.711,4392.84,2026-09-10 12:31:10,4356.992,,27.72,500.62,8.128999999999905,3.410013531799769,46.166666666666664,,False,other,breakout
cmp_breakout_2026-09-07__M15sig,2026-09-07,M15sig,2026-09-10 13:00:00,SELL,4340.007,4353.09,2026-09-10 13:02:28,4353.117,sl 4353.090,-13.11,487.51,13.083000000000538,-1.0020637468470122,2.466666666666667,4353.09,False,sl,breakout
cmp_breakout_2026-09-07__M15sig,2026-09-07,M15sig,2026-09-10 13:30:00,SELL,4357.989,4372.832,2026-09-10 13:40:46,4372.883,sl 4372.832,-14.89,472.62,14.843000000000757,-1.0031664757797778,10.766666666666667,4372.832,False,sl,breakout
cmp_breakout_2026-09-07__M15sig,2026-09-07,M15sig,2026-09-10 13:45:00,SELL,4364.633,4380.26,2026-09-10 18:33:30,4334.596,,30.03,502.65,15.627000000000407,1.9216740257246572,288.5,,False,other,breakout
cmp_breakout_2026-09-07__M15sig,2026-09-07,M15sig,2026-09-10 19:15:00,SELL,4322.394,4332.888,2026-09-11 00:01:46,4320.225,sl 4320.170,2.16,504.81,10.493999999999687,0.20583190394511763,286.76666666666665,4320.17,True,sl,breakout
cmp_breakout_2026-09-07__M15sig,2026-09-07,M15sig,2026-09-11 00:15:00,SELL,4319.082,4324.714,2026-09-11 00:30:36,4324.774,sl 4324.714,-5.69,499.12,5.631999999999607,-1.010298295454616,15.6,4324.714,False,sl,breakout
cmp_breakout_2026-09-07__M15sig,2026-09-07,M15sig,2026-09-11 01:30:00,SELL,4328.031,4335.565,2026-09-11 02:19:03,4334.471,sl 4334.427,-6.44,492.68,7.533999999999651,-0.8547916113618661,49.05,4334.427,True,sl,breakout
cmp_breakout_2026-09-07__M15sig,2026-09-07,M15sig,2026-09-11 02:30:00,SELL,4325.186,4333.644,2026-09-11 04:08:51,4316.528,sl 4316.451,8.66,501.34,8.458000000000538,1.0238827145896723,98.85,4316.451,True,sl,breakout
cmp_breakout_2026-09-07__M15sig,2026-09-07,M15sig,2026-09-11 04:15:00,SELL,4321.744,4333.185,2026-09-11 04:44:08,4333.254,sl 4333.185,-11.51,489.83,11.441000000000713,-1.0060309413512178,29.133333333333333,4333.185,False,sl,breakout
cmp_breakout_2026-09-07__M15sig,2026-09-07,M15sig,2026-09-11 04:45:00,SELL,4330.308,4341.586,2026-09-11 05:43:52,4341.604,sl 4341.586,-11.29,478.54,11.278000000000247,-1.0010640184429642,58.86666666666667,4341.586,False,sl,breakout
cmp_breakout_2026-09-07__M15sig,2026-09-07,M15sig,2026-09-11 06:00:00,SELL,4346.242,4357.03,2026-09-11 06:07:43,4357.148,sl 4357.030,-10.91,467.63,10.787999999999556,-1.0113088616982249,7.716666666666667,4357.03,False,sl,breakout
cmp_breakout_2026-09-07__M15sig,2026-09-07,M15sig,2026-09-11 06:45:00,SELL,4350.592,4361.289,2026-09-11 08:24:14,4353.807,sl 4353.742,-3.22,464.41,10.697000000000116,-0.3010189772833472,99.23333333333333,4353.742,True,sl,breakout
cmp_breakout_2026-09-07__M15sig,2026-09-07,M15sig,2026-09-11 08:45:00,SELL,4352.752,4361.037,2026-09-11 12:02:50,4331.957,,20.79,485.2,8.284999999999854,2.5093542546771714,197.83333333333334,,False,other,breakout
cmp_breakout_2026-09-07__M15sig,2026-09-07,M15sig,2026-09-11 12:15:00,SELL,4327.833,4335.081,2026-09-11 12:27:16,4335.199,sl 4335.081,-7.37,477.83,7.248000000000502,-1.0168322295805035,12.266666666666667,4335.081,False,sl,breakout
cmp_breakout_2026-09-07__M15sig,2026-09-07,M15sig,2026-09-11 12:45:00,SELL,4354.046,4365.976,2026-09-11 12:46:52,4366.048,sl 4365.976,-12.0,465.83,11.929999999999382,-1.0058675607712173,1.8666666666666667,4365.976,False,sl,breakout
cmp_breakout_2026-09-07__M15sig,2026-09-07,M15sig,2026-09-11 13:15:00,SELL,4389.206,4404.199,2026-09-11 17:58:53,4357.944,,31.27,497.1,14.992999999999483,2.08563996531722,283.8833333333333,,False,other,breakout
cmp_breakout_2026-09-07__M15sig,2026-09-07,M15sig,2026-09-11 18:00:00,SELL,4358.398,4368.422,2026-09-11 20:57:59,4349.562,end of test,8.84,505.94,10.023999999999432,0.8818834796488927,177.98333333333332,,False,end,breakout
cmp_swing_2026-09-07__M15sig,2026-09-07,M15sig,2026-09-07 08:02:54,SELL,4413.458,4417.085,2026-09-07 08:03:55,4417.088,sl 4417.085,-3.63,496.37,3.6270000000004075,-1.0008271298592755,1.0166666666666666,4417.085,False,sl,swing
cmp_swing_2026-09-07__M15sig,2026-09-07,M15sig,2026-09-07 09:01:51,SELL,4413.401,4416.915,2026-09-07 12:10:36,4392.678,sl 4392.671,20.72,517.09,3.5140000000001237,5.896414342629274,188.75,4392.671,True,sl,swing
cmp_swing_2026-09-07__M15sig,2026-09-07,M15sig,2026-09-08 05:29:37,BUY,4421.062,4417.634,2026-09-08 05:56:00,4417.593,sl 4417.634,-3.47,513.62,3.4279999999998836,-1.0122520420070356,26.383333333333333,4417.634,False,sl,swing
cmp_swing_2026-09-07__M15sig,2026-09-07,M15sig,2026-09-09 15:05:45,BUY,4390.66,4386.723,2026-09-09 15:05:52,4386.694,sl 4386.723,-3.97,509.65,3.936999999999898,-1.0083820167640596,0.11666666666666667,4386.723,False,sl,swing
