run_id,week,signal_tf,entry_time,dir,entry_price,initial_sl,exit_time,exit_price,exit_comment,pnl,balance_after,risk_dollars,r_multiple,hold_minutes,final_sl_price,sl_moved,exit_kind
2026-09-07_to_2026-09-10__H1visual,"2026-09-07 (Mon-Thu, prior run)",H1visual,2026-09-07 00:00:00,SELL,4423.16,4428.382,2026-09-07 00:17:45,4428.456,sl 4428.382,-5.3,94.7,5.221999999999753,-1.0149368058215724,17.75,4428.382,False,sl
2026-09-07_to_2026-09-10__H1visual,"2026-09-07 (Mon-Thu, prior run)",H1visual,2026-09-07 00:45:00,SELL,4423.906,4429.63,2026-09-07 00:48:32,4429.659,sl 4429.630,-5.75,88.95,5.72400000000016,-1.0045422781271558,3.533333333333333,4429.63,False,sl
2026-09-07_to_2026-09-10__H1visual,"2026-09-07 (Mon-Thu, prior run)",H1visual,2026-09-07 01:00:00,SELL,4412.811,4419.774,2026-09-07 01:27:52,4402.649,sl 4402.558,10.16,99.11,6.963000000000648,1.4591411747808496,27.866666666666667,4402.558,True,sl
2026-09-07_to_2026-09-10__H1visual,"2026-09-07 (Mon-Thu, prior run)",H1visual,2026-09-07 02:30:00,SELL,4407.601,4417.147,2026-09-07 02:37:54,4417.213,sl 4417.147,-9.61,89.5,9.546000000000276,-1.0067043787973728,7.9,4417.147,False,sl
2026-09-07_to_2026-09-10__H1visual,"2026-09-07 (Mon-Thu, prior run)",H1visual,2026-09-07 02:45:00,SELL,4414.78,4425.013,2026-09-07 05:27:48,4407.995,sl 4407.874,6.78,96.28,10.233000000000175,0.6625622984461922,162.8,4407.874,True,sl
2026-09-07_to_2026-09-10__H1visual,"2026-09-07 (Mon-Thu, prior run)",H1visual,2026-09-07 05:30:00,SELL,4410.889,4418.129,2026-09-07 06:04:18,4386.716,,24.17,120.45,7.239999999999782,3.3383977900553496,34.3,,False,other
2026-09-07_to_2026-09-10__H1visual,"2026-09-07 (Mon-Thu, prior run)",H1visual,2026-09-07 06:15:00,SELL,4391.959,4399.834,2026-09-07 06:42:38,4399.928,sl 4399.834,-7.97,112.48,7.875,-1.012063492063492,27.633333333333333,4399.834,False,sl
2026-09-07_to_2026-09-10__H1visual,"2026-09-07 (Mon-Thu, prior run)",H1visual,2026-09-07 06:45:00,SELL,4396.441,4404.126,2026-09-07 07:55:47,4403.082,sl 4403.041,-6.64,105.84,7.6850000000004,-0.8640208197787448,70.78333333333333,4403.041,True,sl
2026-09-07_to_2026-09-10__H1visual,"2026-09-07 (Mon-Thu, prior run)",H1visual,2026-09-07 08:00:00,SELL,4406.238,4414.966,2026-09-07 08:03:05,4414.997,sl 4414.966,-8.76,97.08,8.728000000000065,-1.0036663611365644,3.0833333333333335,4414.966,False,sl
2026-09-07_to_2026-09-10__H1visual,"2026-09-07 (Mon-Thu, prior run)",H1visual,2026-09-07 08:15:00,SELL,4417.063,4426.11,2026-09-07 10:34:32,4394.011,,23.05,120.13,9.04699999999957,2.54780590250924,139.53333333333333,,False,other
2026-09-07_to_2026-09-10__H1visual,"2026-09-07 (Mon-Thu, prior run)",H1visual,2026-09-07 11:45:00,SELL,4386.801,4393.857,2026-09-07 12:21:23,4393.941,sl 4393.857,-7.14,112.99,7.055999999999585,-1.0119047619048214,36.38333333333333,4393.857,False,sl
2026-09-07_to_2026-09-10__H1visual,"2026-09-07 (Mon-Thu, prior run)",H1visual,2026-09-07 12:30:00,SELL,4395.437,4402.265,2026-09-07 13:05:59,4402.268,sl 4402.265,-6.83,106.16,6.828000000000429,-1.0002929115406518,35.983333333333334,4402.265,False,sl
2026-09-07_to_2026-09-10__H1visual,"2026-09-07 (Mon-Thu, prior run)",H1visual,2026-09-07 13:15:00,SELL,4404.122,4411.098,2026-09-07 14:43:49,4411.177,sl 4411.098,-7.06,99.1,6.975999999999658,-1.0120412844037192,88.81666666666666,4411.098,False,sl
2026-09-07_to_2026-09-10__H1visual,"2026-09-07 (Mon-Thu, prior run)",H1visual,2026-09-07 14:45:00,SELL,4412.046,4418.611,2026-09-07 14:48:42,4418.931,sl 4418.611,-6.88,92.22,6.5649999999996,-1.0479817212491118,3.7,4418.611,False,sl
2026-09-07_to_2026-09-10__H1visual,"2026-09-07 (Mon-Thu, prior run)",H1visual,2026-09-07 15:00:00,SELL,4416.176,4422.841,2026-09-07 18:25:38,4403.448,,12.73,104.95,6.664999999999964,1.9099774943736039,205.63333333333333,,False,other
2026-09-07_to_2026-09-10__H1visual,"2026-09-07 (Mon-Thu, prior run)",H1visual,2026-09-07 22:01:31,SELL,4412.027,4415.862,2026-09-07 23:04:55,4411.961,sl 4411.955,0.07,105.02,3.8350000000000364,0.018252933507170624,63.4,4411.955,True,sl
2026-09-07_to_2026-09-10__H1visual,"2026-09-07 (Mon-Thu, prior run)",H1visual,2026-09-07 23:15:01,SELL,4411.107,4414.786,2026-09-07 23:33:50,4414.787,sl 4414.786,-3.68,101.34,3.6790000000000873,-1.0002718129926373,18.816666666666666,4414.786,False,sl
2026-09-07_to_2026-09-10__H1visual,"2026-09-07 (Mon-Thu, prior run)",H1visual,2026-09-08 00:00:00,SELL,4423.056,4428.271,2026-09-08 00:17:28,4423.065,sl 4423.012,-0.01,101.33,5.2150000000001455,-0.001917545541706562,17.466666666666665,4423.012,True,sl
2026-09-07_to_2026-09-10__H1visual,"2026-09-07 (Mon-Thu, prior run)",H1visual,2026-09-08 01:15:00,SELL,4428.738,4436.911,2026-09-08 01:31:35,4437.2,sl 4436.911,-8.46,92.87,8.172999999999774,-1.035115624617672,16.583333333333332,4436.911,False,sl
2026-09-07_to_2026-09-10__H1visual,"2026-09-07 (Mon-Thu, prior run)",H1visual,2026-09-08 01:45:00,SELL,4433.393,4441.789,2026-09-08 03:19:30,4435.947,sl 4435.938,-2.56,90.31,8.39599999999973,-0.3049070986183995,94.5,4435.938,True,sl
2026-09-07_to_2026-09-10__H1visual,"2026-09-07 (Mon-Thu, prior run)",H1visual,2026-09-08 03:30:00,SELL,4432.271,4441.774,2026-09-08 04:00:51,4441.794,sl 4441.774,-9.52,80.79,9.503000000000611,-1.0017889087655885,30.85,4441.774,False,sl
2026-09-07_to_2026-09-10__H1visual,"2026-09-07 (Mon-Thu, prior run)",H1visual,2026-09-08 04:30:00,SELL,4432.83,4441.047,2026-09-08 06:18:02,4407.255,,25.57,106.36,8.216999999999643,3.111841304612524,108.03333333333333,,False,other
2026-09-07_to_2026-09-10__H1visual,"2026-09-07 (Mon-Thu, prior run)",H1visual,2026-09-08 06:45:00,SELL,4407.207,4416.247,2026-09-08 09:41:28,4402.091,sl 4402.054,5.12,111.48,9.039999999999964,0.5663716814159315,176.46666666666667,4402.054,True,sl
2026-09-07_to_2026-09-10__H1visual,"2026-09-07 (Mon-Thu, prior run)",H1visual,2026-09-08 09:45:00,SELL,4401.477,4409.942,2026-09-08 10:20:18,4406.073,sl 4405.599,-4.59,106.89,8.465000000000146,-0.5422327229769547,35.3,4405.599,True,sl
2026-09-07_to_2026-09-10__H1visual,"2026-09-07 (Mon-Thu, prior run)",H1visual,2026-09-08 10:30:00,SELL,4399.557,4407.73,2026-09-08 11:33:12,4403.495,sl 4403.465,-3.94,102.95,8.172999999999774,-0.4820751254129584,63.2,4403.465,True,sl
2026-09-07_to_2026-09-10__H1visual,"2026-09-07 (Mon-Thu, prior run)",H1visual,2026-09-08 11:45:00,SELL,4403.688,4411.461,2026-09-08 12:26:07,4398.789,sl 4398.761,4.9,107.85,7.773000000000138,0.6303872378746833,41.11666666666667,4398.761,True,sl
2026-09-07_to_2026-09-10__H1visual,"2026-09-07 (Mon-Thu, prior run)",H1visual,2026-09-08 12:30:00,SELL,4402.061,4411.328,2026-09-08 12:59:00,4409.699,sl 4409.659,-7.64,100.21,9.267000000000735,-0.8244307758713061,29.0,4409.659,True,sl
2026-09-07_to_2026-09-10__H1visual,"2026-09-07 (Mon-Thu, prior run)",H1visual,2026-09-08 13:30:00,SELL,4400.436,4411.183,2026-09-08 13:55:49,4406.782,sl 4406.766,-6.34,93.87,10.747000000000298,-0.5899320740671652,25.816666666666666,4406.766,True,sl
2026-09-07_to_2026-09-10__H1visual,"2026-09-07 (Mon-Thu, prior run)",H1visual,2026-09-08 14:45:00,SELL,4397.553,4409.617,2026-09-08 15:11:56,4407.599,sl 4407.461,-10.05,83.82,12.064000000000306,-0.8330570291776977,26.933333333333334,4407.461,True,sl
2026-09-07_to_2026-09-10__H1visual,"2026-09-07 (Mon-Thu, prior run)",H1visual,2026-09-08 15:15:00,SELL,4404.931,4417.367,2026-09-08 16:50:26,4398.098,sl 4398.055,6.83,90.65,12.436000000000604,0.5492119652621155,95.43333333333334,4398.055,True,sl
2026-09-07_to_2026-09-10__H1visual,"2026-09-07 (Mon-Thu, prior run)",H1visual,2026-09-08 17:00:00,SELL,4393.757,4404.141,2026-09-08 18:48:58,4370.06,,23.7,114.35,10.384000000000015,2.282357473035436,108.96666666666667,,False,other
2026-09-07_to_2026-09-10__H1visual,"2026-09-07 (Mon-Thu, prior run)",H1visual,2026-09-08 19:15:00,SELL,4370.522,4379.599,2026-09-08 22:02:05,4358.571,sl 4358.553,11.95,126.3,9.077000000000226,1.3165142668282144,167.08333333333334,4358.553,True,sl
2026-09-07_to_2026-09-10__H1visual,"2026-09-07 (Mon-Thu, prior run)",H1visual,2026-09-08 22:15:00,SELL,4356.226,4364.852,2026-09-09 00:43:51,4351.618,sl 4351.520,4.61,130.91,8.626000000000204,0.5344307906329575,148.85,4351.52,True,sl
2026-09-07_to_2026-09-10__H1visual,"2026-09-07 (Mon-Thu, prior run)",H1visual,2026-09-09 01:00:00,SELL,4364.665,4371.828,2026-09-09 01:07:36,4365.298,sl 4365.241,-0.63,130.28,7.163000000000466,-0.0879519754292837,7.6,4365.241,True,sl
2026-09-07_to_2026-09-10__H1visual,"2026-09-07 (Mon-Thu, prior run)",H1visual,2026-09-09 02:00:00,SELL,4373.595,4381.759,2026-09-09 02:52:23,4380.038,sl 4380.016,-6.44,123.84,8.16399999999976,-0.7888290053895382,52.38333333333333,4380.016,True,sl
2026-09-07_to_2026-09-10__H1visual,"2026-09-07 (Mon-Thu, prior run)",H1visual,2026-09-09 03:00:00,SELL,4382.098,4391.055,2026-09-09 05:01:31,4383.163,sl 4382.954,-1.06,122.78,8.957000000000335,-0.11834319526626777,121.51666666666667,4382.954,True,sl
2026-09-07_to_2026-09-10__H1visual,"2026-09-07 (Mon-Thu, prior run)",H1visual,2026-09-09 05:30:00,SELL,4385.228,4391.154,2026-09-09 05:37:14,4391.194,sl 4391.154,-5.96,116.82,5.926000000000386,-1.005737428282081,7.233333333333333,4391.154,False,sl
2026-09-07_to_2026-09-10__H1visual,"2026-09-07 (Mon-Thu, prior run)",H1visual,2026-09-09 06:00:00,SELL,4398.914,4405.486,2026-09-09 06:05:35,4405.53,sl 4405.486,-6.62,110.2,6.572000000000116,-1.0073037127206153,5.583333333333333,4405.486,False,sl
2026-09-07_to_2026-09-10__H1visual,"2026-09-07 (Mon-Thu, prior run)",H1visual,2026-09-09 06:30:00,SELL,4398.093,4404.403,2026-09-09 06:37:13,4404.609,sl 4404.403,-6.52,103.68,6.3100000000004,-1.0332805071314717,7.216666666666667,4404.403,False,sl
2026-09-07_to_2026-09-10__H1visual,"2026-09-07 (Mon-Thu, prior run)",H1visual,2026-09-09 07:00:00,SELL,4400.658,4407.216,2026-09-09 07:14:02,4407.225,sl 4407.216,-6.57,97.11,6.557999999999993,-1.0018298261665153,14.033333333333333,4407.216,False,sl
2026-09-07_to_2026-09-10__H1visual,"2026-09-07 (Mon-Thu, prior run)",H1visual,2026-09-09 07:30:00,SELL,4407.696,4414.679,2026-09-09 09:55:03,4390.799,,16.9,114.01,6.983000000000175,2.4201632536158635,145.05,,False,other
2026-09-07_to_2026-09-10__H1visual,"2026-09-07 (Mon-Thu, prior run)",H1visual,2026-09-09 10:30:00,SELL,4394.5,4400.242,2026-09-09 10:50:51,4400.303,sl 4400.242,-5.8,108.21,5.742000000000189,-1.0101010101009769,20.85,4400.242,False,sl
2026-09-07_to_2026-09-10__H1visual,"2026-09-07 (Mon-Thu, prior run)",H1visual,2026-09-09 11:00:00,SELL,4399.693,4405.4,2026-09-09 11:24:11,4405.404,sl 4405.400,-5.71,102.5,5.706999999999425,-1.0005256702296434,24.183333333333334,4405.4,False,sl
2026-09-07_to_2026-09-10__H1visual,"2026-09-07 (Mon-Thu, prior run)",H1visual,2026-09-09 12:15:00,SELL,4399.39,4406.03,2026-09-09 12:57:20,4401.462,sl 4401.383,-2.07,100.43,6.639999999999418,-0.31174698795183453,42.333333333333336,4401.383,True,sl
2026-09-07_to_2026-09-10__H1visual,"2026-09-07 (Mon-Thu, prior run)",H1visual,2026-09-09 13:15:00,SELL,4413.119,4421.186,2026-09-09 13:23:14,4421.365,sl 4421.186,-8.25,92.18,8.067000000000007,-1.0226850130159901,8.233333333333333,4421.186,False,sl
2026-09-07_to_2026-09-10__H1visual,"2026-09-07 (Mon-Thu, prior run)",H1visual,2026-09-09 14:15:00,SELL,4423.218,4434.205,2026-09-09 14:39:17,4426.502,sl 4426.434,-3.28,88.9,10.98700000000008,-0.2985346318376241,24.283333333333335,4426.434,True,sl
2026-09-07_to_2026-09-10__H1visual,"2026-09-07 (Mon-Thu, prior run)",H1visual,2026-09-09 15:00:00,SELL,4418.957,4430.8,2026-09-09 15:00:54,4430.995,sl 4430.800,-12.04,76.86,11.842999999999847,-1.016634298741886,0.9,4430.8,False,sl
2026-09-07_to_2026-09-10__H1visual,"2026-09-07 (Mon-Thu, prior run)",H1visual,2026-09-09 15:15:00,SELL,4389.572,4404.778,2026-09-09 15:33:03,4398.361,sl 4398.354,-8.79,68.07,15.206000000000131,-0.5780612915954179,18.05,4398.354,True,sl
2026-09-07_to_2026-09-10__H1visual,"2026-09-07 (Mon-Thu, prior run)",H1visual,2026-09-09 15:45:00,SELL,4402.942,4419.053,2026-09-09 17:06:04,4416.355,sl 4416.278,-13.42,54.65,16.110999999999876,-0.832971261870778,81.06666666666666,4416.278,True,sl
2026-09-07_to_2026-09-10__H1visual,"2026-09-07 (Mon-Thu, prior run)",H1visual,2026-09-09 17:15:01,SELL,4416.73,4431.271,2026-09-09 20:15:00,4397.611,,19.12,73.77,14.541000000000167,1.3149026889484754,179.98333333333332,,False,other
2026-09-07_to_2026-09-10__H1visual,"2026-09-07 (Mon-Thu, prior run)",H1visual,2026-09-09 20:30:00,SELL,4394.657,4400.961,2026-09-09 20:36:22,4401.019,sl 4400.961,-6.36,67.41,6.304000000000087,-1.0088832487309505,6.366666666666666,4400.961,False,sl
2026-09-07_to_2026-09-10__H1visual,"2026-09-07 (Mon-Thu, prior run)",H1visual,2026-09-09 20:45:01,SELL,4400.099,4405.999,2026-09-09 22:03:06,4406.208,sl 4405.999,-6.11,61.3,5.899999999999636,-1.035593220339047,78.08333333333333,4405.999,False,sl
2026-09-07_to_2026-09-10__H1visual,"2026-09-07 (Mon-Thu, prior run)",H1visual,2026-09-09 22:15:00,SELL,4403.05,4408.623,2026-09-10 00:00:00,4394.025,sl 4393.910,9.02,70.32,5.572999999999411,1.6185178539388039,105.0,4393.91,True,sl
2026-09-07_to_2026-09-10__H1visual,"2026-09-07 (Mon-Thu, prior run)",H1visual,2026-09-10 00:30:01,SELL,4392.733,4397.507,2026-09-10 00:37:05,4397.589,sl 4397.507,-4.86,65.46,4.7739999999994325,-1.0180142438208166,7.066666666666666,4397.507,False,sl
2026-09-07_to_2026-09-10__H1visual,"2026-09-07 (Mon-Thu, prior run)",H1visual,2026-09-10 00:45:00,SELL,4400.929,4406.219,2026-09-10 01:00:53,4406.233,sl 4406.219,-5.3,60.16,5.289999999999964,-1.0018903591682489,15.883333333333333,4406.219,False,sl
2026-09-07_to_2026-09-10__H1visual,"2026-09-07 (Mon-Thu, prior run)",H1visual,2026-09-10 01:30:00,SELL,4410.565,4417.317,2026-09-10 02:03:06,4416.211,sl 4416.098,-5.64,54.52,6.7520000000004075,-0.8353080568719875,33.1,4416.098,True,sl
2026-09-07_to_2026-09-10__H1visual,"2026-09-07 (Mon-Thu, prior run)",H1visual,2026-09-10 02:15:01,SELL,4414.093,4421.279,2026-09-10 02:39:16,4419.536,sl 4419.480,-5.45,49.07,7.186000000000604,-0.7584191483439385,24.25,4419.48,True,sl
wk_2026-08-10__M15sig,2026-08-10 (Mon-Fri),M15sig,2026-08-10 00:00:00,BUY,4332.84,4325.683,2026-08-10 00:33:39,4335.774,sl 4335.799,2.93,102.93,7.157000000000153,0.4093894089702302,33.65,4335.799,True,sl
wk_2026-08-10__M15sig,2026-08-10 (Mon-Fri),M15sig,2026-08-10 00:45:00,BUY,4334.808,4327.093,2026-08-10 01:00:11,4327.04,sl 4327.093,-7.77,95.16,7.7150000000001455,-1.0071289695398384,15.183333333333334,4327.093,False,sl
wk_2026-08-10__M15sig,2026-08-10 (Mon-Fri),M15sig,2026-08-10 01:30:00,BUY,4316.666,4307.409,2026-08-10 03:00:56,4318.439,sl 4318.443,1.77,96.93,9.257000000000517,0.19120665442366871,90.93333333333334,4318.443,True,sl
wk_2026-08-10__M15sig,2026-08-10 (Mon-Fri),M15sig,2026-08-10 03:15:00,BUY,4320.183,4310.69,2026-08-10 05:34:50,4340.965,,20.79,117.72,9.493000000000393,2.190034762456456,139.83333333333334,,False,other
wk_2026-08-10__M15sig,2026-08-10 (Mon-Fri),M15sig,2026-08-10 05:45:00,BUY,4343.681,4336.334,2026-08-10 08:33:45,4349.615,sl 4349.799,5.94,123.66,7.346999999999753,0.8084932625561726,168.75,4349.799,True,sl
wk_2026-08-10__M15sig,2026-08-10 (Mon-Fri),M15sig,2026-08-10 09:30:00,BUY,4347.294,4340.312,2026-08-10 09:36:21,4340.261,sl 4340.312,-7.03,116.63,6.981999999999971,-1.0068748209682081,6.35,4340.312,False,sl
wk_2026-08-10__M15sig,2026-08-10 (Mon-Fri),M15sig,2026-08-10 10:00:00,BUY,4341.23,4334.53,2026-08-10 11:04:55,4334.391,sl 4334.530,-6.84,109.79,6.699999999999818,-1.0208955223880873,64.91666666666667,4334.53,False,sl
wk_2026-08-10__M15sig,2026-08-10 (Mon-Fri),M15sig,2026-08-10 11:30:00,BUY,4334.777,4329.039,2026-08-10 12:16:05,4330.426,sl 4330.596,-4.35,105.44,5.738000000000284,-0.7581038689438453,46.083333333333336,4330.596,True,sl
wk_2026-08-10__M15sig,2026-08-10 (Mon-Fri),M15sig,2026-08-10 13:30:00,BUY,4335.139,4328.464,2026-08-10 13:46:00,4329.452,sl 4329.523,-5.69,99.75,6.675000000000182,-0.8524344569288158,16.0,4329.523,True,sl
wk_2026-08-10__M15sig,2026-08-10 (Mon-Fri),M15sig,2026-08-10 14:00:00,BUY,4318.337,4310.369,2026-08-10 14:26:04,4343.73,,25.39,125.14,7.968000000000757,3.1864959839354405,26.066666666666666,,False,other
wk_2026-08-10__M15sig,2026-08-10 (Mon-Fri),M15sig,2026-08-10 15:15:00,BUY,4347.129,4337.256,2026-08-10 16:32:01,4349.823,sl 4349.865,2.69,127.83,9.872999999999593,0.27246024511294553,77.01666666666667,4349.865,True,sl
wk_2026-08-10__M15sig,2026-08-10 (Mon-Fri),M15sig,2026-08-10 17:15:00,BUY,4357.104,4347.56,2026-08-10 18:31:25,4377.669,,20.57,148.4,9.543999999999869,2.1552808046940783,76.41666666666667,,False,other
wk_2026-08-10__M15sig,2026-08-10 (Mon-Fri),M15sig,2026-08-10 18:45:00,BUY,4379.8,4372.314,2026-08-10 22:51:37,4399.089,,19.29,167.69,7.485999999999876,2.5768100454181564,246.61666666666667,,False,other
wk_2026-08-10__M15sig,2026-08-10 (Mon-Fri),M15sig,2026-08-10 23:30:00,BUY,4395.575,4390.239,2026-08-11 00:23:44,4411.134,,15.55,182.71,5.33600000000024,2.914167916041848,53.733333333333334,,False,other
wk_2026-08-10__M15sig,2026-08-10 (Mon-Fri),M15sig,2026-08-11 01:15:00,BUY,4414.664,4407.294,2026-08-11 02:09:57,4421.752,sl 4421.793,7.09,189.8,7.369999999999891,0.962008141112633,54.95,4421.793,True,sl
wk_2026-08-10__M15sig,2026-08-10 (Mon-Fri),M15sig,2026-08-11 02:15:00,BUY,4433.964,4424.103,2026-08-11 02:33:23,4424.057,sl 4424.103,-9.9,179.9,9.860999999999876,-1.0039549741405662,18.383333333333333,4424.103,False,sl
wk_2026-08-10__M15sig,2026-08-10 (Mon-Fri),M15sig,2026-08-11 03:15:00,BUY,4413.475,4401.955,2026-08-11 04:55:24,4404.685,sl 4404.723,-8.79,171.11,11.520000000000437,-0.7630208333333044,100.4,4404.723,True,sl
wk_2026-08-10__M15sig,2026-08-10 (Mon-Fri),M15sig,2026-08-11 05:00:00,BUY,4408.968,4399.309,2026-08-11 05:12:12,4399.203,sl 4399.309,-9.77,161.34,9.65899999999965,-1.0114918728647224,12.2,4399.309,False,sl
wk_2026-08-10__M15sig,2026-08-10 (Mon-Fri),M15sig,2026-08-11 05:15:00,BUY,4402.458,4392.646,2026-08-11 05:26:02,4392.598,sl 4392.646,-9.86,151.48,9.811999999999898,-1.00489196901754,11.033333333333333,4392.646,False,sl
wk_2026-08-10__M15sig,2026-08-10 (Mon-Fri),M15sig,2026-08-11 05:30:00,BUY,4392.718,4383.499,2026-08-11 05:30:04,4383.466,sl 4383.499,-9.25,142.23,9.219000000000051,-1.003362620674688,0.06666666666666667,4383.499,False,sl
wk_2026-08-10__M15sig,2026-08-10 (Mon-Fri),M15sig,2026-08-11 05:45:00,BUY,4377.092,4367.338,2026-08-11 05:56:03,4367.301,sl 4367.338,-9.79,132.44,9.753999999999905,-1.0036907935206165,11.05,4367.338,False,sl
wk_2026-08-10__M15sig,2026-08-10 (Mon-Fri),M15sig,2026-08-11 06:00:00,BUY,4375.442,4365.563,2026-08-11 06:28:29,4367.107,sl 4367.143,-8.33,124.11,9.878999999999905,-0.843202753315121,28.483333333333334,4367.143,True,sl
wk_2026-08-10__M15sig,2026-08-10 (Mon-Fri),M15sig,2026-08-11 06:30:00,BUY,4363.764,4354.008,2026-08-11 11:01:06,4383.682,,19.92,144.03,9.756000000000313,2.0418204182041166,271.1,,False,other
wk_2026-08-10__M15sig,2026-08-10 (Mon-Fri),M15sig,2026-08-11 11:15:00,BUY,4391.407,4384.465,2026-08-11 11:38:20,4384.246,sl 4384.465,-7.16,136.87,6.942000000000007,-1.031403053874963,23.333333333333332,4384.465,False,sl
wk_2026-08-10__M15sig,2026-08-10 (Mon-Fri),M15sig,2026-08-11 12:00:00,BUY,4387.815,4381.446,2026-08-11 12:23:56,4388.815,sl 4389.123,1.0,137.87,6.368999999999687,0.15701051970482793,23.933333333333334,4389.123,True,sl
wk_2026-08-10__M15sig,2026-08-10 (Mon-Fri),M15sig,2026-08-11 12:45:00,BUY,4398.612,4391.146,2026-08-11 13:15:14,4391.092,sl 4391.146,-7.52,130.35,7.466000000000349,-1.0072327886417958,30.233333333333334,4391.146,False,sl
wk_2026-08-10__M15sig,2026-08-10 (Mon-Fri),M15sig,2026-08-11 13:30:00,BUY,4398.043,4389.577,2026-08-11 13:35:37,4389.531,sl 4389.577,-8.51,121.84,8.46599999999944,-1.0051972596268088,5.616666666666666,4389.577,False,sl
wk_2026-08-10__M15sig,2026-08-10 (Mon-Fri),M15sig,2026-08-11 15:15:00,BUY,4392.315,4381.746,2026-08-11 15:34:26,4381.67,sl 4381.746,-10.65,111.19,10.568999999999505,-1.0076639227931212,19.433333333333334,4381.746,False,sl
wk_2026-08-10__M15sig,2026-08-10 (Mon-Fri),M15sig,2026-08-11 15:45:00,BUY,4375.957,4364.715,2026-08-11 17:57:05,4370.444,sl 4370.468,-5.52,105.67,11.24200000000019,-0.4910158334815786,132.08333333333334,4370.468,True,sl
wk_2026-08-10__M15sig,2026-08-10 (Mon-Fri),M15sig,2026-08-11 18:15:00,BUY,4363.763,4355.721,2026-08-11 22:56:59,4369.433,sl 4369.446,5.67,111.34,8.042000000000371,0.7050484953991218,281.98333333333335,4369.446,True,sl
wk_2026-08-10__M15sig,2026-08-10 (Mon-Fri),M15sig,2026-08-11 23:15:00,BUY,4366.841,4361.063,2026-08-12 01:05:52,4385.706,,18.87,129.68,5.778000000000247,3.2658359293871917,110.86666666666666,,False,other
wk_2026-08-10__M15sig,2026-08-10 (Mon-Fri),M15sig,2026-08-12 01:30:00,BUY,4390.678,4383.345,2026-08-12 02:53:27,4414.344,,23.66,153.34,7.332999999999629,3.226510295922705,83.45,,False,other
wk_2026-08-10__M15sig,2026-08-10 (Mon-Fri),M15sig,2026-08-12 03:00:00,BUY,4411.448,4403.569,2026-08-12 03:37:33,4403.973,sl 4404.085,-7.48,145.86,7.878999999999905,-0.9493590557177422,37.55,4404.085,True,sl
wk_2026-08-10__M15sig,2026-08-10 (Mon-Fri),M15sig,2026-08-12 03:45:00,BUY,4401.787,4394.037,2026-08-12 05:22:33,4394.496,sl 4394.677,-7.29,138.57,7.75,-0.9406451612903226,97.55,4394.677,True,sl
wk_2026-08-10__M15sig,2026-08-10 (Mon-Fri),M15sig,2026-08-12 06:00:00,BUY,4391.292,4384.361,2026-08-12 09:10:30,4411.268,,19.98,158.55,6.931000000000495,2.8827009089595403,190.5,,False,other
wk_2026-08-10__M15sig,2026-08-10 (Mon-Fri),M15sig,2026-08-12 09:30:00,BUY,4413.464,4406.51,2026-08-12 10:48:59,4410.582,sl 4411.028,-2.88,155.67,6.9539999999997235,-0.4141501294219319,78.98333333333333,4411.028,True,sl
wk_2026-08-10__M15sig,2026-08-10 (Mon-Fri),M15sig,2026-08-12 11:30:01,BUY,4415.193,4408.604,2026-08-12 12:04:04,4408.422,sl 4408.604,-6.77,148.9,6.588999999999942,-1.0274700258005858,34.05,4408.604,False,sl
wk_2026-08-10__M15sig,2026-08-10 (Mon-Fri),M15sig,2026-08-12 12:15:00,BUY,4409.009,4402.102,2026-08-12 12:30:05,4419.621,sl 4420.062,10.61,159.51,6.907000000000153,1.53612277399736,15.083333333333334,4420.062,True,sl
wk_2026-08-10__M15sig,2026-08-10 (Mon-Fri),M15sig,2026-08-12 12:45:00,BUY,4428.602,4417.196,2026-08-12 12:47:28,4416.567,sl 4417.196,-12.03,147.48,11.405999999999949,-1.054708048395586,2.466666666666667,4417.196,False,sl
wk_2026-08-10__M15sig,2026-08-10 (Mon-Fri),M15sig,2026-08-12 13:00:00,BUY,4437.437,4425.331,2026-08-12 13:12:54,4425.189,sl 4425.331,-12.25,135.23,12.105999999999767,-1.0118949281348286,12.9,4425.331,False,sl
wk_2026-08-10__M15sig,2026-08-10 (Mon-Fri),M15sig,2026-08-12 13:15:00,BUY,4422.323,4409.111,2026-08-12 13:40:06,4408.958,sl 4409.111,-13.36,121.87,13.212000000000444,-1.0112019376324213,25.1,4409.111,False,sl
wk_2026-08-10__M15sig,2026-08-10 (Mon-Fri),M15sig,2026-08-12 14:15:00,BUY,4431.969,4416.029,2026-08-12 15:04:16,4415.879,sl 4416.029,-16.09,105.78,15.9399999999996,-1.0094102885822085,49.266666666666666,4416.029,False,sl
wk_2026-08-10__M15sig,2026-08-10 (Mon-Fri),M15sig,2026-08-12 16:30:00,BUY,4423.195,4410.066,2026-08-12 16:44:11,4410.016,sl 4410.066,-13.18,92.6,13.128999999999905,-1.0038845304288289,14.183333333333334,4410.066,False,sl
wk_2026-08-10__M15sig,2026-08-10 (Mon-Fri),M15sig,2026-08-12 17:00:00,BUY,4401.664,4388.922,2026-08-12 22:05:03,4404.605,sl 4404.628,2.95,95.55,12.74200000000019,0.23151781509966696,305.05,4404.628,True,sl
wk_2026-08-10__M15sig,2026-08-10 (Mon-Fri),M15sig,2026-08-12 22:45:00,BUY,4400.286,4395.455,2026-08-12 23:59:33,4412.985,,12.7,108.25,4.831000000000131,2.628855309459668,74.55,,False,other
wk_2026-08-10__M15sig,2026-08-10 (Mon-Fri),M15sig,2026-08-13 00:30:00,BUY,4428.613,4422.902,2026-08-13 00:34:12,4445.751,,17.14,125.39,5.71100000000024,3.0012257047801225,4.2,,False,other
wk_2026-08-10__M15sig,2026-08-10 (Mon-Fri),M15sig,2026-08-13 00:45:00,BUY,4440.275,4433.155,2026-08-13 00:49:46,4433.113,sl 4433.155,-7.17,118.22,7.119999999999891,-1.0070224719101277,4.766666666666667,4433.155,False,sl
wk_2026-08-10__M15sig,2026-08-10 (Mon-Fri),M15sig,2026-08-13 01:15:00,BUY,4430.339,4421.552,2026-08-13 01:21:03,4422.061,sl 4422.061,-8.28,109.94,8.787000000000262,-0.9423011266643624,6.05,4422.061,True,sl
wk_2026-08-10__M15sig,2026-08-10 (Mon-Fri),M15sig,2026-08-13 01:30:00,BUY,4419.429,4409.639,2026-08-13 01:46:15,4415.249,sl 4415.302,-4.18,105.76,9.789999999999964,-0.426966292134833,16.25,4415.302,True,sl
wk_2026-08-10__M15sig,2026-08-10 (Mon-Fri),M15sig,2026-08-13 02:00:00,BUY,4408.699,4397.954,2026-08-13 04:00:28,4397.851,sl 4397.954,-10.85,94.91,10.74499999999989,-1.0097719869706943,120.46666666666667,4397.954,False,sl
wk_2026-08-10__M15sig,2026-08-10 (Mon-Fri),M15sig,2026-08-13 04:30:00,BUY,4398.221,4388.955,2026-08-13 05:32:12,4395.919,sl 4395.920,-2.3,92.61,9.265999999999622,-0.24821929635226567,62.2,4395.92,True,sl
wk_2026-08-10__M15sig,2026-08-10 (Mon-Fri),M15sig,2026-08-13 05:45:00,BUY,4387.934,4379.83,2026-08-13 06:04:10,4379.792,sl 4379.830,-8.14,84.47,8.10400000000027,-1.0044422507403419,19.166666666666668,4379.83,False,sl
wk_2026-08-10__M15sig,2026-08-10 (Mon-Fri),M15sig,2026-08-13 06:15:00,BUY,4376.102,4367.903,2026-08-13 08:00:19,4368.887,sl 4368.989,-7.21,77.26,8.198999999999614,-0.8793755336017001,105.31666666666666,4368.989,True,sl
wk_2026-08-10__M15sig,2026-08-10 (Mon-Fri),M15sig,2026-08-13 08:15:00,BUY,4366.186,4357.685,2026-08-13 10:18:40,4384.828,,18.64,95.9,8.500999999999294,2.192683213739742,123.66666666666667,,False,other
wk_2026-08-10__M15sig,2026-08-10 (Mon-Fri),M15sig,2026-08-13 11:00:00,BUY,4392.369,4386.276,2026-08-13 11:33:33,4387.377,sl 4387.442,-4.99,90.91,6.092999999999847,-0.8189725914984614,33.55,4387.442,True,sl
wk_2026-08-10__M15sig,2026-08-10 (Mon-Fri),M15sig,2026-08-13 11:45:00,BUY,4384.063,4378.168,2026-08-13 12:30:25,4392.191,sl 4392.242,8.13,99.04,5.895000000000437,1.3791348600507887,45.416666666666664,4392.242,True,sl
wk_2026-08-10__M15sig,2026-08-10 (Mon-Fri),M15sig,2026-08-13 12:45:00,BUY,4392.115,4385.017,2026-08-13 13:12:26,4391.278,sl 4391.308,-0.84,98.2,7.097999999999956,-0.11834319526627292,27.433333333333334,4391.308,True,sl
wk_2026-08-10__M15sig,2026-08-10 (Mon-Fri),M15sig,2026-08-13 13:15:00,BUY,4394.002,4385.998,2026-08-13 13:25:46,4385.959,sl 4385.998,-8.04,90.16,8.004000000000815,-1.0044977511243354,10.766666666666667,4385.998,False,sl
wk_2026-08-10__M15sig,2026-08-10 (Mon-Fri),M15sig,2026-08-13 13:30:00,BUY,4385.475,4377.125,2026-08-13 13:34:19,4377.11,sl 4377.125,-8.37,81.79,8.350000000000364,-1.0023952095807946,4.316666666666666,4377.125,False,sl
wk_2026-08-10__M15sig,2026-08-10 (Mon-Fri),M15sig,2026-08-13 14:30:00,BUY,4367.96,4357.57,2026-08-13 14:30:15,4357.454,sl 4357.570,-10.51,71.28,10.390000000000327,-1.0115495668912098,0.25,4357.57,False,sl
wk_2026-08-10__M15sig,2026-08-10 (Mon-Fri),M15sig,2026-08-13 15:30:00,BUY,4365.593,4352.862,2026-08-13 16:17:52,4352.789,sl 4352.862,-12.8,58.48,12.730999999999767,-1.0054198413321997,47.86666666666667,4352.862,False,sl
wk_2026-08-10__M15sig,2026-08-10 (Mon-Fri),M15sig,2026-08-13 17:00:00,BUY,4367.326,4355.503,2026-08-13 18:25:52,4355.265,sl 4355.503,-12.06,46.42,11.82300000000032,-1.020045673686854,85.86666666666666,4355.503,False,sl
wk_2026-08-17__M15sig,2026-08-17 (Mon-Fri),M15sig,2026-08-17 02:00:00,BUY,4395.954,4386.537,2026-08-17 05:14:45,4387.018,sl 4387.047,-8.93,91.07,9.416999999999462,-0.9482850164596486,194.75,4387.047,True,sl
wk_2026-08-17__M15sig,2026-08-17 (Mon-Fri),M15sig,2026-08-17 05:15:00,BUY,4387.934,4380.958,2026-08-17 07:37:45,4410.946,,23.02,114.09,6.9760000000005675,3.299885321100649,142.75,,False,other
wk_2026-08-17__M15sig,2026-08-17 (Mon-Fri),M15sig,2026-08-17 09:15:00,BUY,4399.208,4392.648,2026-08-17 09:46:10,4392.532,sl 4392.648,-6.68,107.41,6.559999999999491,-1.0182926829269083,31.166666666666668,4392.648,False,sl
wk_2026-08-17__M15sig,2026-08-17 (Mon-Fri),M15sig,2026-08-17 10:15:00,BUY,4396.086,4390.089,2026-08-17 10:36:52,4396.163,sl 4396.396,0.07,107.48,5.997000000000298,0.01167250291812515,21.866666666666667,4396.396,True,sl
wk_2026-08-17__M15sig,2026-08-17 (Mon-Fri),M15sig,2026-08-17 10:45:00,BUY,4398.302,4391.733,2026-08-17 12:01:06,4395.143,sl 4395.296,-3.16,104.32,6.568999999999505,-0.4810473435835345,76.1,4395.296,True,sl
wk_2026-08-17__M15sig,2026-08-17 (Mon-Fri),M15sig,2026-08-17 12:30:00,BUY,4386.074,4379.012,2026-08-17 12:42:13,4379.722,sl 4379.727,-6.35,97.97,7.061999999999898,-0.8991787029170336,12.216666666666667,4379.727,True,sl
wk_2026-08-17__M15sig,2026-08-17 (Mon-Fri),M15sig,2026-08-17 13:15:00,BUY,4386.546,4378.529,2026-08-17 13:57:08,4412.227,,25.68,123.65,8.016999999999825,3.2031932144194286,42.13333333333333,,False,other
wk_2026-08-17__M15sig,2026-08-17 (Mon-Fri),M15sig,2026-08-17 14:15:00,BUY,4412.525,4402.817,2026-08-17 17:39:23,4412.768,sl 4412.775,0.24,123.89,9.707999999999629,0.024721878862794516,204.38333333333333,4412.775,True,sl
wk_2026-08-17__M15sig,2026-08-17 (Mon-Fri),M15sig,2026-08-17 17:45:00,BUY,4417.529,4410.096,2026-08-17 18:24:29,4410.026,sl 4410.096,-7.5,116.39,7.433000000000902,-1.0090138571235154,39.483333333333334,4410.096,False,sl
wk_2026-08-17__M15sig,2026-08-17 (Mon-Fri),M15sig,2026-08-17 19:00:00,BUY,4406.606,4399.567,2026-08-17 23:00:17,4409.939,sl 4410.250,3.33,119.72,7.03899999999976,0.4730785622957968,240.28333333333333,4410.25,True,sl
wk_2026-08-17__M15sig,2026-08-17 (Mon-Fri),M15sig,2026-08-17 23:30:00,BUY,4420.381,4415.243,2026-08-18 00:00:26,4423.311,sl 4423.331,2.93,122.12,5.13799999999992,0.5702608018684402,30.433333333333334,4423.331,True,sl
wk_2026-08-17__M15sig,2026-08-17 (Mon-Fri),M15sig,2026-08-18 00:15:00,BUY,4421.82,4417.064,2026-08-18 01:16:39,4427.917,sl 4428.002,6.1,128.22,4.755999999999403,1.2825904121111784,61.65,4428.002,True,sl
wk_2026-08-17__M15sig,2026-08-17 (Mon-Fri),M15sig,2026-08-18 01:30:00,BUY,4425.251,4418.705,2026-08-18 01:41:50,4418.655,sl 4418.705,-6.59,121.63,6.5460000000002765,-1.0067216620836728,11.833333333333334,4418.705,False,sl
wk_2026-08-17__M15sig,2026-08-17 (Mon-Fri),M15sig,2026-08-18 01:45:00,BUY,4412.136,4404.827,2026-08-18 01:47:33,4404.821,sl 4404.827,-7.32,114.31,7.3090000000001965,-1.0015049938431801,2.55,4404.827,False,sl
wk_2026-08-17__M15sig,2026-08-17 (Mon-Fri),M15sig,2026-08-18 02:00:00,BUY,4408.182,4400.678,2026-08-18 02:06:44,4400.666,sl 4400.678,-7.51,106.8,7.503999999999905,-1.0007995735607802,6.733333333333333,4400.678,False,sl
wk_2026-08-17__M15sig,2026-08-17 (Mon-Fri),M15sig,2026-08-18 03:00:00,BUY,4399.895,4391.859,2026-08-18 03:51:56,4391.839,sl 4391.859,-8.06,98.74,8.036000000000058,-1.0029865604778425,51.93333333333333,4391.859,False,sl
wk_2026-08-17__M15sig,2026-08-17 (Mon-Fri),M15sig,2026-08-18 04:00:00,BUY,4392.167,4384.76,2026-08-18 05:30:56,4387.527,sl 4387.649,-4.64,94.1,7.407000000000153,-0.6264344538949512,90.93333333333334,4387.649,True,sl
wk_2026-08-17__M15sig,2026-08-17 (Mon-Fri),M15sig,2026-08-18 06:00:00,BUY,4394.423,4389.252,2026-08-18 06:04:21,4389.231,sl 4389.252,-5.19,88.91,5.170999999999367,-1.0036743376524146,4.35,4389.252,False,sl
wk_2026-08-17__M15sig,2026-08-17 (Mon-Fri),M15sig,2026-08-18 06:15:00,BUY,4395.292,4390.182,2026-08-18 07:57:18,4395.956,sl 4396.044,0.67,89.58,5.110000000000582,0.13111545988256823,102.3,4396.044,True,sl
wk_2026-08-17__M15sig,2026-08-17 (Mon-Fri),M15sig,2026-08-18 08:00:00,BUY,4395.826,4390.326,2026-08-18 08:07:50,4390.243,sl 4390.326,-5.59,83.99,5.5,-1.0163636363636364,7.833333333333333,4390.326,False,sl
wk_2026-08-17__M15sig,2026-08-17 (Mon-Fri),M15sig,2026-08-18 08:15:00,BUY,4392.935,4387.248,2026-08-18 08:23:30,4387.152,sl 4387.248,-5.79,78.2,5.687000000000808,-1.0181114823279722,8.5,4387.248,False,sl
wk_2026-08-17__M15sig,2026-08-17 (Mon-Fri),M15sig,2026-08-18 08:30:00,BUY,4389.493,4383.555,2026-08-18 09:22:36,4389.397,sl 4389.401,-0.09,78.11,5.938000000000102,-0.015156618390030052,52.6,4389.401,True,sl
wk_2026-08-17__M15sig,2026-08-17 (Mon-Fri),M15sig,2026-08-18 09:30:00,BUY,4389.457,4383.435,2026-08-18 11:34:51,4389.224,sl 4389.234,-0.24,77.87,6.0219999999999345,-0.039853869146463404,124.85,4389.234,True,sl
wk_2026-08-17__M15sig,2026-08-17 (Mon-Fri),M15sig,2026-08-18 13:00:00,BUY,4394.276,4387.749,2026-08-18 13:30:17,4387.747,sl 4387.749,-6.53,71.34,6.527000000000044,-1.0004596292324126,30.283333333333335,4387.749,False,sl
wk_2026-08-17__M15sig,2026-08-17 (Mon-Fri),M15sig,2026-08-18 15:15:00,BUY,4360.221,4346.564,2026-08-18 19:44:57,4350.526,sl 4350.536,-9.69,61.65,13.656999999999243,-0.7095262502746238,269.95,4350.536,True,sl
wk_2026-08-17__M15sig,2026-08-17 (Mon-Fri),M15sig,2026-08-18 20:15:00,BUY,4342.32,4336.015,2026-08-18 20:21:23,4336.015,sl 4336.015,-6.3,55.35,6.3049999999993815,-0.9992069785885199,6.383333333333334,4336.015,False,sl
wk_2026-08-17__M15sig,2026-08-17 (Mon-Fri),M15sig,2026-08-18 20:30:00,SELL,4338.095,4344.639,2026-08-18 22:04:32,4340.613,sl 4339.773,-2.51,52.84,6.543999999999869,-0.38355745721272155,94.53333333333333,4339.773,True,sl
wk_2026-08-17__M15sig,2026-08-17 (Mon-Fri),M15sig,2026-08-18 22:15:00,BUY,4340.292,4333.285,2026-08-18 22:39:44,4333.219,sl 4333.285,-7.07,45.77,7.007000000000517,-1.0089910089909346,24.733333333333334,4333.285,False,sl
wk_2026-08-31__M15sig,2026-08-31 (Mon-Fri),M15sig,2026-08-31 00:00:00,SELL,4458.301,4468.574,2026-08-31 00:36:40,4468.689,sl 4468.574,-10.39,89.61,10.272999999999229,-1.0113890781661423,36.666666666666664,4468.574,False,sl
wk_2026-08-31__M15sig,2026-08-31 (Mon-Fri),M15sig,2026-08-31 00:45:00,SELL,4465.37,4476.6,2026-08-31 01:02:21,4456.157,sl 4456.156,9.21,98.82,11.230000000000473,0.8201246660729843,17.35,4456.156,True,sl
wk_2026-08-31__M15sig,2026-08-31 (Mon-Fri),M15sig,2026-08-31 02:00:00,SELL,4440.316,4454.264,2026-08-31 02:57:59,4421.321,sl 4421.315,19.0,117.82,13.94800000000032,1.3622024663033814,57.983333333333334,4421.315,True,sl
wk_2026-08-31__M15sig,2026-08-31 (Mon-Fri),M15sig,2026-08-31 03:30:00,SELL,4427.812,4443.883,2026-08-31 05:24:45,4434.364,sl 4434.351,-6.55,111.27,16.070999999999913,-0.40756642399353094,114.75,4434.351,True,sl
wk_2026-08-31__M15sig,2026-08-31 (Mon-Fri),M15sig,2026-08-31 05:30:00,SELL,4440.192,4452.134,2026-08-31 07:24:26,4445.024,sl 4444.975,-4.83,106.44,11.942000000000007,-0.40445486518171136,114.43333333333334,4444.975,True,sl
wk_2026-08-31__M15sig,2026-08-31 (Mon-Fri),M15sig,2026-08-31 07:30:00,SELL,4444.109,4453.738,2026-08-31 10:05:22,4448.813,sl 4448.802,-4.7,101.74,9.628999999999905,-0.48810883788555887,155.36666666666667,4448.802,True,sl
wk_2026-08-31__M15sig,2026-08-31 (Mon-Fri),M15sig,2026-08-31 11:00:00,SELL,4453.912,4460.351,2026-08-31 11:25:58,4460.394,sl 4460.351,-6.48,95.26,6.438999999999396,-1.0063674483616414,25.966666666666665,4460.351,False,sl
wk_2026-08-31__M15sig,2026-08-31 (Mon-Fri),M15sig,2026-08-31 11:45:00,SELL,4454.857,4461.35,2026-08-31 12:13:31,4460.204,sl 4460.155,-5.34,89.92,6.493000000000393,-0.8224241490835787,28.516666666666666,4460.155,True,sl
wk_2026-08-31__M15sig,2026-08-31 (Mon-Fri),M15sig,2026-08-31 13:00:00,SELL,4435.728,4443.331,2026-08-31 13:07:29,4443.39,sl 4443.331,-7.66,82.26,7.6030000000000655,-1.0074970406418433,7.483333333333333,4443.331,False,sl
wk_2026-08-31__M15sig,2026-08-31 (Mon-Fri),M15sig,2026-08-31 13:15:00,SELL,4446.131,4454.256,2026-08-31 13:52:59,4419.471,,26.66,108.92,8.125,3.281230769230769,37.983333333333334,,False,other
wk_2026-08-31__M15sig,2026-08-31 (Mon-Fri),M15sig,2026-08-31 14:15:00,SELL,4427.267,4437.602,2026-08-31 14:37:06,4432.541,sl 4432.413,-5.27,103.65,10.335000000000036,-0.5099177552007722,22.1,4432.413,True,sl
wk_2026-08-31__M15sig,2026-08-31 (Mon-Fri),M15sig,2026-08-31 14:45:00,SELL,4432.942,4444.763,2026-08-31 19:23:31,4437.815,sl 4437.794,-4.88,98.77,11.820999999999913,-0.4128246341257115,278.51666666666665,4437.794,True,sl
wk_2026-08-31__M15sig,2026-08-31 (Mon-Fri),M15sig,2026-08-31 19:30:00,SELL,4440.386,4447.264,2026-08-31 19:48:31,4447.266,sl 4447.264,-6.88,91.89,6.877999999999702,-1.0002907822041724,18.516666666666666,4447.264,False,sl
wk_2026-08-31__M15sig,2026-08-31 (Mon-Fri),M15sig,2026-08-31 20:00:00,SELL,4453.547,4460.424,2026-08-31 23:54:11,4450.929,sl 4450.663,2.62,94.51,6.8770000000004075,0.380980078522589,234.18333333333334,4450.663,True,sl
wk_2026-08-31__M15sig,2026-08-31 (Mon-Fri),M15sig,2026-09-01 00:00:00,SELL,4452.22,4457.411,2026-09-01 00:04:59,4454.156,sl 4454.114,-1.94,92.57,5.1909999999998035,-0.3737237526488294,4.983333333333333,4454.114,True,sl
wk_2026-08-31__M15sig,2026-08-31 (Mon-Fri),M15sig,2026-09-01 00:15:00,SELL,4455.298,4460.884,2026-09-01 00:21:17,4460.935,sl 4460.884,-5.64,86.93,5.58600000000024,-1.0096670247045751,6.283333333333333,4460.884,False,sl
wk_2026-08-31__M15sig,2026-08-31 (Mon-Fri),M15sig,2026-09-01 00:30:00,SELL,4460.547,4465.86,2026-09-01 00:52:19,4460.429,sl 4460.426,0.12,87.05,5.313000000000102,0.022586109542630847,22.316666666666666,4460.426,True,sl
wk_2026-08-31__M15sig,2026-08-31 (Mon-Fri),M15sig,2026-09-01 01:00:00,SELL,4453.562,4459.542,2026-09-01 02:04:59,4447.3,sl 4447.250,6.26,93.31,5.980000000000473,1.0468227424748335,64.98333333333333,4447.25,True,sl
wk_2026-08-31__M15sig,2026-08-31 (Mon-Fri),M15sig,2026-09-01 03:15:01,SELL,4439.618,4449.08,2026-09-01 05:31:26,4434.879,sl 4434.810,4.74,98.05,9.461999999999534,0.5009511731135313,136.41666666666666,4434.81,True,sl
wk_2026-08-31__M15sig,2026-08-31 (Mon-Fri),M15sig,2026-09-01 05:45:00,SELL,4442.621,4450.608,2026-09-01 07:30:48,4420.767,,21.85,119.9,7.98700000000008,2.735695505195916,105.8,,False,other
wk_2026-08-31__M15sig,2026-08-31 (Mon-Fri),M15sig,2026-09-01 07:45:00,SELL,4418.348,4426.224,2026-09-01 08:09:51,4394.229,,24.12,144.02,7.876000000000204,3.0624682579989053,24.85,,False,other
wk_2026-08-31__M15sig,2026-08-31 (Mon-Fri),M15sig,2026-09-01 08:30:00,SELL,4383.198,4394.545,2026-09-01 10:16:29,4382.404,sl 4382.387,0.8,144.82,11.346999999999753,0.0705032167092639,106.48333333333333,4382.387,True,sl
wk_2026-08-31__M15sig,2026-08-31 (Mon-Fri),M15sig,2026-09-01 10:30:00,SELL,4384.883,4397.343,2026-09-01 12:35:47,4357.564,,27.32,172.14,12.460000000000036,2.192616372391647,125.78333333333333,,False,other
wk_2026-08-31__M15sig,2026-08-31 (Mon-Fri),M15sig,2026-09-01 13:15:00,SELL,4329.621,4341.375,2026-09-01 13:26:23,4341.429,sl 4341.375,-11.81,160.33,11.753999999999905,-1.0047643355453544,11.383333333333333,4341.375,False,sl
wk_2026-08-31__M15sig,2026-08-31 (Mon-Fri),M15sig,2026-09-01 13:30:00,SELL,4343.074,4355.5,2026-09-01 13:37:31,4355.558,sl 4355.500,-12.49,147.84,12.426000000000386,-1.0051504909061333,7.516666666666667,4355.5,False,sl
wk_2026-08-31__M15sig,2026-08-31 (Mon-Fri),M15sig,2026-09-01 13:45:00,SELL,4361.602,4374.273,2026-09-01 14:18:01,4373.369,sl 4373.083,-11.77,136.07,12.671000000000276,-0.9288927472180367,33.016666666666666,4373.083,True,sl
wk_2026-08-31__M15sig,2026-08-31 (Mon-Fri),M15sig,2026-09-01 14:30:00,SELL,4365.795,4380.02,2026-09-01 18:09:04,4338.142,,27.66,163.73,14.225000000000364,1.9444639718804424,219.06666666666666,,False,other
wk_2026-08-31__M15sig,2026-08-31 (Mon-Fri),M15sig,2026-09-01 18:15:00,SELL,4336.585,4345.889,2026-09-01 23:38:29,4335.088,sl 4335.050,1.5,165.23,9.304000000000087,0.16122098022355824,323.48333333333335,4335.05,True,sl
wk_2026-08-31__M15sig,2026-08-31 (Mon-Fri),M15sig,2026-09-01 23:45:00,SELL,4333.78,4339.146,2026-09-02 00:02:38,4316.093,,17.69,182.92,5.3659999999999854,3.2966828177413436,17.633333333333333,,False,other
wk_2026-08-31__M15sig,2026-08-31 (Mon-Fri),M15sig,2026-09-02 00:15:00,SELL,4328.213,4334.289,2026-09-02 00:17:36,4334.519,sl 4334.289,-6.31,176.61,6.076000000000022,-1.0385121790651706,2.6,4334.289,False,sl
wk_2026-08-31__M15sig,2026-08-31 (Mon-Fri),M15sig,2026-09-02 00:30:00,SELL,4325.891,4332.327,2026-09-02 00:44:30,4330.263,sl 4330.241,-4.37,172.24,6.436000000000604,-0.6789931634554988,14.5,4330.241,True,sl
wk_2026-08-31__M15sig,2026-08-31 (Mon-Fri),M15sig,2026-09-02 01:15:00,SELL,4317.434,4325.983,2026-09-02 01:15:54,4326.108,sl 4325.983,-8.68,163.56,8.548999999999978,-1.0153234296408962,0.9,4325.983,False,sl
wk_2026-08-31__M15sig,2026-08-31 (Mon-Fri),M15sig,2026-09-02 01:30:00,SELL,4317.526,4326.681,2026-09-02 01:58:39,4288.391,,29.14,192.7,9.154999999999745,3.1829601310760034,28.65,,False,other
wk_2026-08-31__M15sig,2026-08-31 (Mon-Fri),M15sig,2026-09-02 02:15:00,SELL,4296.148,4308.054,2026-09-02 02:34:39,4308.159,sl 4308.054,-12.01,180.69,11.905999999999949,-1.0087350915504831,19.65,4308.054,False,sl
wk_2026-08-31__M15sig,2026-08-31 (Mon-Fri),M15sig,2026-09-02 02:45:00,SELL,4309.502,4322.609,2026-09-02 03:56:38,4303.709,sl 4303.657,5.79,186.48,13.106999999999971,0.4417486839093624,71.63333333333334,4303.657,True,sl
wk_2026-08-31__M15sig,2026-08-31 (Mon-Fri),M15sig,2026-09-02 05:00:00,SELL,4307.242,4318.256,2026-09-02 05:30:02,4318.411,sl 4318.256,-11.17,175.31,11.014000000000124,-1.014163791538031,30.033333333333335,4318.256,False,sl
wk_2026-08-31__M15sig,2026-08-31 (Mon-Fri),M15sig,2026-09-02 05:45:00,SELL,4323.058,4332.337,2026-09-02 07:10:16,4327.922,sl 4327.879,-4.86,170.45,9.279000000000451,-0.5237633365664149,85.26666666666667,4327.879,True,sl
wk_2026-08-31__M15sig,2026-08-31 (Mon-Fri),M15sig,2026-09-02 07:30:00,SELL,4326.756,4334.539,2026-09-02 10:06:47,4302.385,,24.37,194.82,7.782999999999447,3.1311833483234914,156.78333333333333,,False,other
wk_2026-08-31__M15sig,2026-08-31 (Mon-Fri),M15sig,2026-09-02 10:45:00,SELL,4309.428,4316.475,2026-09-02 11:11:31,4316.012,sl 4315.975,-6.58,188.24,7.04700000000048,-0.9337306655313682,26.516666666666666,4315.975,True,sl
wk_2026-08-31__M15sig,2026-08-31 (Mon-Fri),M15sig,2026-09-02 11:45:00,SELL,4324.82,4332.815,2026-09-02 11:55:29,4332.895,sl 4332.815,-8.08,180.16,7.994999999999891,-1.010631644778,10.483333333333333,4332.815,False,sl
wk_2026-08-31__M15sig,2026-08-31 (Mon-Fri),M15sig,2026-09-02 12:00:00,SELL,4332.228,4340.555,2026-09-02 12:20:43,4340.632,sl 4340.555,-8.4,171.76,8.327000000000226,-1.0087666626635972,20.716666666666665,4340.555,False,sl
wk_2026-08-31__M15sig,2026-08-31 (Mon-Fri),M15sig,2026-09-02 12:30:00,SELL,4336.418,4345.077,2026-09-02 13:02:17,4340.749,sl 4340.708,-4.33,167.43,8.65900000000056,-0.5000577433883496,32.28333333333333,4340.708,True,sl
wk_2026-08-31__M15sig,2026-08-31 (Mon-Fri),M15sig,2026-09-02 13:15:00,SELL,4339.427,4348.657,2026-09-02 13:25:18,4348.706,sl 4348.657,-9.28,158.15,9.230000000000473,-1.0054171180931228,10.3,4348.657,False,sl
wk_2026-08-31__M15sig,2026-08-31 (Mon-Fri),M15sig,2026-09-02 14:15:00,SELL,4388.016,4401.512,2026-09-02 17:26:18,4369.437,sl 4369.321,18.58,176.73,13.496000000000095,1.3767042086544063,191.3,4369.321,True,sl
wk_2026-08-31__M15sig,2026-08-31 (Mon-Fri),M15sig,2026-09-02 17:30:00,SELL,4370.02,4378.503,2026-09-02 17:45:16,4378.542,sl 4378.503,-8.52,168.21,8.482999999999265,-1.0043616645055684,15.266666666666667,4378.503,False,sl
wk_2026-08-31__M15sig,2026-08-31 (Mon-Fri),M15sig,2026-09-02 18:00:00,SELL,4376.901,4384.322,2026-09-02 19:23:06,4380.828,sl 4380.640,-3.93,164.28,7.4210000000002765,-0.5295782239590154,83.1,4380.64,True,sl
wk_2026-08-31__M15sig,2026-08-31 (Mon-Fri),M15sig,2026-09-02 19:30:00,SELL,4381.079,4387.602,2026-09-02 19:44:28,4387.78,sl 4387.602,-6.7,157.58,6.523000000000138,-1.0271347539475484,14.466666666666667,4387.602,False,sl
wk_2026-08-31__M15sig,2026-08-31 (Mon-Fri),M15sig,2026-09-02 20:15:00,SELL,4386.095,4392.824,2026-09-02 22:02:37,4392.842,sl 4392.824,-6.74,150.84,6.72899999999936,-1.0016347154110032,107.61666666666666,4392.824,False,sl
wk_2026-08-31__M15sig,2026-08-31 (Mon-Fri),M15sig,2026-09-02 22:30:00,SELL,4389.969,4395.867,2026-09-02 23:46:39,4389.108,sl 4389.001,0.86,151.7,5.898000000000138,0.1458121397083723,76.65,4389.001,True,sl
wk_2026-08-31__M15sig,2026-08-31 (Mon-Fri),M15sig,2026-09-03 00:00:00,SELL,4385.81,4390.272,2026-09-03 00:05:37,4390.285,sl 4390.272,-4.48,147.22,4.461999999999534,-1.004034065441611,5.616666666666666,4390.272,False,sl
wk_2026-08-31__M15sig,2026-08-31 (Mon-Fri),M15sig,2026-09-03 00:15:00,SELL,4390.325,4394.806,2026-09-03 00:38:57,4389.799,sl 4389.655,0.53,147.75,4.480999999999767,0.11827717027449845,23.95,4389.655,True,sl
wk_2026-08-31__M15sig,2026-08-31 (Mon-Fri),M15sig,2026-09-03 00:45:00,SELL,4387.669,4392.179,2026-09-03 00:50:36,4392.182,sl 4392.179,-4.51,143.24,4.510000000000218,-0.9999999999999516,5.6,4392.179,False,sl
wk_2026-08-31__M15sig,2026-08-31 (Mon-Fri),M15sig,2026-09-03 01:00:00,SELL,4395.355,4400.455,2026-09-03 01:03:00,4395.283,sl 4395.252,0.08,143.32,5.100000000000364,0.015686274509802804,3.0,4395.252,True,sl
wk_2026-08-31__M15sig,2026-08-31 (Mon-Fri),M15sig,2026-09-03 01:45:00,SELL,4400.857,4407.974,2026-09-03 01:49:38,4408.106,sl 4407.974,-7.25,136.07,7.117000000000189,-1.0186876492904042,4.633333333333334,4407.974,False,sl
wk_2026-08-31__M15sig,2026-08-31 (Mon-Fri),M15sig,2026-09-03 02:00:00,SELL,4410.443,4418.211,2026-09-03 02:37:34,4418.36,sl 4418.211,-7.92,128.15,7.768000000000029,-1.0195674562306862,37.56666666666667,4418.211,False,sl
wk_2026-08-31__M15sig,2026-08-31 (Mon-Fri),M15sig,2026-09-03 02:45:00,SELL,4413.747,4422.388,2026-09-03 03:03:46,4422.626,sl 4422.388,-8.88,119.27,8.640999999999622,-1.0276588357829406,18.766666666666666,4422.388,False,sl
wk_2026-08-31__M15sig,2026-08-31 (Mon-Fri),M15sig,2026-09-03 03:30:00,SELL,4429.216,4438.957,2026-09-03 05:00:28,4439.082,sl 4438.957,-9.86,109.41,9.740999999999985,-1.0122164048865634,90.46666666666667,4438.957,False,sl
wk_2026-08-31__M15sig,2026-08-31 (Mon-Fri),M15sig,2026-09-03 05:30:00,SELL,4425.158,4432.79,2026-09-03 05:35:20,4432.809,sl 4432.790,-7.65,101.76,7.631999999999607,-1.0023584905660894,5.333333333333333,4432.79,False,sl
wk_2026-08-31__M15sig,2026-08-31 (Mon-Fri),M15sig,2026-09-03 05:45:00,SELL,4432.205,4440.104,2026-09-03 07:05:00,4431.809,sl 4431.725,0.4,102.16,7.899000000000342,0.050639321433090606,80.0,4431.725,True,sl
wk_2026-08-31__M15sig,2026-08-31 (Mon-Fri),M15sig,2026-09-03 08:00:00,SELL,4428.79,4437.445,2026-09-03 08:03:35,4437.483,sl 4437.445,-8.69,93.47,8.654999999999745,-1.0040439052571064,3.5833333333333335,4437.445,False,sl
wk_2026-08-31__M15sig,2026-08-31 (Mon-Fri),M15sig,2026-09-03 08:30:00,SELL,4438.344,4448.203,2026-09-03 11:11:10,4431.71,sl 4431.662,6.63,100.1,9.859000000000378,0.6724819961456279,161.16666666666666,4431.662,True,sl
wk_2026-08-31__M15sig,2026-08-31 (Mon-Fri),M15sig,2026-09-03 11:15:00,SELL,4432.586,4440.187,2026-09-03 11:40:56,4438.349,sl 4438.320,-5.76,94.34,7.600999999999658,-0.7577950269701695,25.933333333333334,4438.32,True,sl
wk_2026-08-31__M15sig,2026-08-31 (Mon-Fri),M15sig,2026-09-03 11:45:01,SELL,4438.606,4446.093,2026-09-03 11:57:58,4446.188,sl 4446.093,-7.58,86.76,7.48700000000008,-1.0124215306531212,12.95,4446.093,False,sl
wk_2026-08-31__M15sig,2026-08-31 (Mon-Fri),M15sig,2026-09-03 12:45:00,BUY,4467.915,4458.188,2026-09-03 13:17:59,4480.366,sl 4480.369,12.45,99.21,9.726999999999862,1.2799424282924001,32.983333333333334,4480.369,True,sl
wk_2026-08-31__M15sig,2026-08-31 (Mon-Fri),M15sig,2026-09-03 14:30:00,BUY,4477.705,4463.493,2026-09-03 15:50:09,4487.326,sl 4487.338,9.62,108.83,14.211999999999534,0.6768927666760706,80.15,4487.338,True,sl
wk_2026-08-31__M15sig,2026-08-31 (Mon-Fri),M15sig,2026-09-03 16:45:00,BUY,4487.919,4475.737,2026-09-03 18:30:13,4479.593,sl 4479.598,-8.33,100.5,12.181999999999789,-0.6837957642423366,105.21666666666667,4479.598,True,sl
wk_2026-08-31__M15sig,2026-08-31 (Mon-Fri),M15sig,2026-09-03 18:45:00,BUY,4481.607,4473.807,2026-09-03 19:13:35,4473.783,sl 4473.807,-7.83,92.67,7.800000000000182,-1.0038461538461305,28.583333333333332,4473.807,False,sl
wk_2026-08-31__M15sig,2026-08-31 (Mon-Fri),M15sig,2026-09-03 19:15:00,BUY,4474.468,4467.475,2026-09-03 20:15:30,4470.831,sl 4470.917,-3.64,89.03,6.992999999999483,-0.520520520520559,60.5,4470.917,True,sl
wk_2026-08-31__M15sig,2026-08-31 (Mon-Fri),M15sig,2026-09-03 20:30:00,BUY,4472.043,4465.99,2026-09-04 00:18:13,4476.311,sl 4476.526,4.27,92.77,6.052999999999884,0.7054353213282805,228.21666666666667,4476.526,True,sl
wk_2026-08-31__M15sig,2026-08-31 (Mon-Fri),M15sig,2026-09-04 00:30:00,BUY,4474.926,4470.484,2026-09-04 01:03:32,4479.643,sl 4479.769,4.71,97.48,4.442000000000007,1.0603331832507863,33.53333333333333,4479.769,True,sl
wk_2026-08-31__M15sig,2026-08-31 (Mon-Fri),M15sig,2026-09-04 01:15:00,BUY,4475.087,4469.167,2026-09-04 01:26:58,4469.712,sl 4469.752,-5.38,92.1,5.920000000000073,-0.9087837837837726,11.966666666666667,4469.752,True,sl
wk_2026-08-31__M15sig,2026-08-31 (Mon-Fri),M15sig,2026-09-04 01:30:00,BUY,4471.181,4464.628,2026-09-04 01:47:34,4466.846,sl 4466.858,-4.33,87.77,6.552999999999884,-0.6607660613459602,17.566666666666666,4466.858,True,sl
wk_2026-08-31__M15sig,2026-08-31 (Mon-Fri),M15sig,2026-09-04 02:15:00,BUY,4479.571,4472.035,2026-09-04 02:28:26,4472.023,sl 4472.035,-7.55,80.22,7.536000000000058,-1.0018577494692067,13.433333333333334,4472.035,False,sl
wk_2026-08-31__M15sig,2026-08-31 (Mon-Fri),M15sig,2026-09-04 02:30:00,BUY,4473.984,4466.155,2026-09-04 03:51:36,4468.631,sl 4468.642,-5.35,74.87,7.829000000000633,-0.6833567505427982,81.6,4468.642,True,sl
wk_2026-08-31__M15sig,2026-08-31 (Mon-Fri),M15sig,2026-09-04 04:00:00,BUY,4467.046,4458.667,2026-09-04 05:50:33,4468.557,sl 4468.710,1.51,76.38,8.378999999999905,0.18021243585153562,110.55,4468.71,True,sl
wk_2026-08-31__M15sig,2026-08-31 (Mon-Fri),M15sig,2026-09-04 06:30:00,BUY,4469.19,4463.412,2026-09-04 06:37:09,4463.363,sl 4463.412,-5.83,70.55,5.777999999999338,-1.0089996538595827,7.15,4463.412,False,sl
wk_2026-08-31__M15sig,2026-08-31 (Mon-Fri),M15sig,2026-09-04 06:45:00,BUY,4464.481,4458.847,2026-09-04 07:43:27,4483.181,,18.7,89.25,5.6340000000000146,3.31913383031593,58.45,,False,other
wk_2026-08-31__M15sig,2026-08-31 (Mon-Fri),M15sig,2026-09-04 08:15:00,BUY,4482.314,4474.83,2026-09-04 08:49:48,4474.733,sl 4474.830,-7.58,81.67,7.484000000000378,-1.012827365045379,34.8,4474.83,False,sl
wk_2026-08-31__M15sig,2026-08-31 (Mon-Fri),M15sig,2026-09-04 09:15:00,BUY,4470.415,4463.114,2026-09-04 11:29:21,4465.374,sl 4465.404,-5.05,76.62,7.301000000000386,-0.6916860704012784,134.35,4465.404,True,sl
wk_2026-08-31__M15sig,2026-08-31 (Mon-Fri),M15sig,2026-09-04 11:45:00,BUY,4468.271,4462.548,2026-09-04 12:30:01,4464.179,sl 4467.755,-4.09,72.53,5.722999999999956,-0.7146601432815012,45.016666666666666,4467.755,True,sl
wk_2026-08-31__M15sig,2026-08-31 (Mon-Fri),M15sig,2026-09-04 13:00:00,SELL,4393.833,4407.841,2026-09-04 13:03:57,4386.795,sl 4386.751,7.03,79.56,14.00800000000072,0.5018560822386949,3.95,4386.751,True,sl
wk_2026-08-31__M15sig,2026-08-31 (Mon-Fri),M15sig,2026-09-04 13:30:00,SELL,4412.416,4429.491,2026-09-04 13:47:01,4429.521,sl 4429.491,-17.1,62.46,17.074999999999818,-1.001464128843349,17.016666666666666,4429.491,False,sl
wk_2026-08-31__M15sig,2026-08-31 (Mon-Fri),M15sig,2026-09-04 14:30:00,SELL,4429.134,4449.946,2026-09-04 19:12:09,4429.014,sl 4429.006,0.12,62.58,20.811999999999898,0.005765904285988881,282.15,4429.006,True,sl
wk_2026-08-31__M15sig,2026-08-31 (Mon-Fri),M15sig,2026-09-04 19:15:00,SELL,4429.118,4437.212,2026-09-04 19:33:38,4437.221,sl 4437.212,-8.1,54.48,8.094000000000051,-1.0007412898443229,18.633333333333333,4437.212,False,sl
wk_2026-08-31__M15sig,2026-08-31 (Mon-Fri),M15sig,2026-09-04 20:15:00,SELL,4431.81,4438.979,2026-09-04 20:57:59,4430.415,end of test,1.39,55.87,7.168999999999869,0.19389036127772705,42.983333333333334,,False,end
